group_size,sampling,reported_iq,empirical_probability,exact_probability
15,with_replacement,55,0.0,0.0
15,with_replacement,56,0.0,0.0
15,with_replacement,57,0.0,0.0
15,with_replacement,58,0.0,0.0
15,with_replacement,59,0.0,0.0
15,with_replacement,60,0.0,0.0
15,with_replacement,61,0.0,0.0
15,with_replacement,62,0.0,0.0
15,with_replacement,63,0.0,0.0
15,with_replacement,64,0.0,0.0
15,with_replacement,65,0.0,0.0
15,with_replacement,66,0.0,0.0
15,with_replacement,67,0.0,0.0
15,with_replacement,68,0.0,0.0
15,with_replacement,69,0.0,0.0
15,with_replacement,70,0.0,0.0
15,with_replacement,71,0.0,0.0
15,with_replacement,72,2.3e-05,3.051757812500002e-05
15,with_replacement,73,0.0,0.0
15,with_replacement,74,0.0,0.0
15,with_replacement,75,0.0,0.0
15,with_replacement,76,0.0,0.0
15,with_replacement,77,0.000436,0.0004577636718750004
15,with_replacement,78,0.0,0.0
15,with_replacement,79,0.0,0.0
15,with_replacement,80,0.0,0.0
15,with_replacement,81,0.0,0.0
15,with_replacement,82,0.0,0.0
15,with_replacement,83,0.003097,0.003204345703125
15,with_replacement,84,0.0,0.0
15,with_replacement,85,0.0,0.0
15,with_replacement,86,0.0,0.0
15,with_replacement,87,0.013814,0.013885498046874991
15,with_replacement,88,0.0,0.0
15,with_replacement,89,0.0,0.0
15,with_replacement,90,0.0,0.0
15,with_replacement,91,0.041618,0.04165649414062497
15,with_replacement,92,0.0,0.0
15,with_replacement,93,0.0,0.0
15,with_replacement,94,0.091752,0.09164428710937504
15,with_replacement,95,0.0,0.0
15,with_replacement,96,0.153069,0.15274047851562494
15,with_replacement,97,0.0,0.0
15,with_replacement,98,0.0,0.0
15,with_replacement,99,0.19645,0.1963806152343752
15,with_replacement,100,0.0,0.0
15,with_replacement,101,0.196585,0.1963806152343752
15,with_replacement,102,0.0,0.0
15,with_replacement,103,0.0,0.0
15,with_replacement,104,0.152487,0.15274047851562494
15,with_replacement,105,0.0,0.0
15,with_replacement,106,0.091599,0.09164428710937503
15,with_replacement,107,0.0,0.0
15,with_replacement,108,0.0,0.0
15,with_replacement,109,0.041499,0.041656494140624965
15,with_replacement,110,0.0,0.0
15,with_replacement,111,0.0,0.0
15,with_replacement,112,0.0,0.0
15,with_replacement,113,0.013944,0.013885498046874988
15,with_replacement,114,0.0,0.0
15,with_replacement,115,0.0,0.0
15,with_replacement,116,0.0,0.0
15,with_replacement,117,0.003123,0.003204345703125
15,with_replacement,118,0.0,0.0
15,with_replacement,119,0.0,0.0
15,with_replacement,120,0.0,0.0
15,with_replacement,121,0.0,0.0
15,with_replacement,122,0.0,0.0
15,with_replacement,123,0.000473,0.0004577636718750003
15,with_replacement,124,0.0,0.0
15,with_replacement,125,0.0,0.0
15,with_replacement,126,0.0,0.0
15,with_replacement,127,0.0,0.0
15,with_replacement,128,3.1e-05,3.0517578125e-05
15,with_replacement,129,0.0,0.0
15,with_replacement,130,0.0,0.0
15,with_replacement,131,0.0,0.0
15,with_replacement,132,0.0,0.0
15,with_replacement,133,0.0,0.0
15,with_replacement,134,0.0,0.0
15,with_replacement,135,0.0,0.0
15,with_replacement,136,0.0,0.0
15,with_replacement,137,0.0,0.0
15,with_replacement,138,0.0,0.0
15,with_replacement,139,0.0,0.0
15,with_replacement,140,0.0,0.0
15,with_replacement,141,0.0,0.0
15,with_replacement,142,0.0,0.0
15,with_replacement,143,0.0,0.0
15,with_replacement,144,0.0,0.0
15,with_replacement,145,0.0,0.0
15,without_replacement,55,0.0,0.0
15,without_replacement,56,0.0,0.0
15,without_replacement,57,0.0,0.0
15,without_replacement,58,0.0,0.0
15,without_replacement,59,0.0,0.0
15,without_replacement,60,0.0,0.0
15,without_replacement,61,0.0,0.0
15,without_replacement,62,0.0,0.0
15,without_replacement,63,0.0,0.0
15,without_replacement,64,0.0,0.0
15,without_replacement,65,0.0,0.0
15,without_replacement,66,0.0,0.0
15,without_replacement,67,0.0,0.0
15,without_replacement,68,0.0,0.0
15,without_replacement,69,0.0,0.0
15,without_replacement,70,0.0,0.0
15,without_replacement,71,0.0,0.0
15,without_replacement,72,7e-06,8.884673390211095e-06
15,without_replacement,73,0.0,0.0
15,without_replacement,74,0.0,0.0
15,without_replacement,75,0.0,0.0
15,without_replacement,76,0.0,0.0
15,without_replacement,77,0.000182,0.00018509736229606444
15,without_replacement,78,0.0,0.0
15,without_replacement,79,0.0,0.0
15,without_replacement,80,0.0,0.0
15,without_replacement,81,0.0,0.0
15,without_replacement,82,0.0,0.0
15,without_replacement,83,0.001719,0.0017159025747986514
15,without_replacement,84,0.0,0.0
15,without_replacement,85,0.0,0.0
15,without_replacement,86,0.0,0.0
15,without_replacement,87,0.009246,0.009392308830476828
15,without_replacement,88,0.0,0.0
15,without_replacement,89,0.0,0.0
15,without_replacement,90,0.0,0.0
15,without_replacement,91,0.034121,0.033956808848647
15,without_replacement,92,0.0,0.0
15,without_replacement,93,0.0,0.0
15,without_replacement,94,0.086214,0.08591072638707692
15,without_replacement,95,0.0,0.0
15,without_replacement,96,0.157271,0.1571537677812382
15,without_replacement,97,0.0,0.0
15,without_replacement,98,0.0,0.0
15,without_replacement,99,0.211171,0.21167650354207596
15,without_replacement,100,0.0,0.0
15,without_replacement,101,0.211878,0.21167650354207598
15,without_replacement,102,0.0,0.0
15,without_replacement,103,0.0,0.0
15,without_replacement,104,0.157456,0.1571537677812382
15,without_replacement,105,0.0,0.0
15,without_replacement,106,0.085549,0.08591072638707692
15,without_replacement,107,0.0,0.0
15,without_replacement,108,0.0,0.0
15,without_replacement,109,0.033908,0.03395680884864699
15,without_replacement,110,0.0,0.0
15,without_replacement,111,0.0,0.0
15,without_replacement,112,0.0,0.0
15,without_replacement,113,0.009322,0.00939230883047683
15,without_replacement,114,0.0,0.0
15,without_replacement,115,0.0,0.0
15,without_replacement,116,0.0,0.0
15,without_replacement,117,0.001754,0.0017159025747986517
15,without_replacement,118,0.0,0.0
15,without_replacement,119,0.0,0.0
15,without_replacement,120,0.0,0.0
15,without_replacement,121,0.0,0.0
15,without_replacement,122,0.0,0.0
15,without_replacement,123,0.000191,0.00018509736229606444
15,without_replacement,124,0.0,0.0
15,without_replacement,125,0.0,0.0
15,without_replacement,126,0.0,0.0
15,without_replacement,127,0.0,0.0
15,without_replacement,128,1.1e-05,8.884673390211095e-06
15,without_replacement,129,0.0,0.0
15,without_replacement,130,0.0,0.0
15,without_replacement,131,0.0,0.0
15,without_replacement,132,0.0,0.0
15,without_replacement,133,0.0,0.0
15,without_replacement,134,0.0,0.0
15,without_replacement,135,0.0,0.0
15,without_replacement,136,0.0,0.0
15,without_replacement,137,0.0,0.0
15,without_replacement,138,0.0,0.0
15,without_replacement,139,0.0,0.0
15,without_replacement,140,0.0,0.0
15,without_replacement,141,0.0,0.0
15,without_replacement,142,0.0,0.0
15,without_replacement,143,0.0,0.0
15,without_replacement,144,0.0,0.0
15,without_replacement,145,0.0,0.0
20,with_replacement,55,0.0,0.0
20,with_replacement,56,0.0,0.0
20,with_replacement,57,0.0,0.0
20,with_replacement,58,0.0,0.0
20,with_replacement,59,0.0,0.0
20,with_replacement,60,0.0,0.0
20,with_replacement,61,0.0,0.0
20,with_replacement,62,0.0,0.0
20,with_replacement,63,0.0,0.0
20,with_replacement,64,0.0,0.0
20,with_replacement,65,0.0,0.0
20,with_replacement,66,0.0,0.0
20,with_replacement,67,0.0,0.0
20,with_replacement,68,0.0,0.0
20,with_replacement,69,0.0,0.0
20,with_replacement,70,0.0,0.0
20,with_replacement,71,2e-06,9.536743164062513e-07
20,with_replacement,72,0.0,0.0
20,with_replacement,73,0.0,0.0
20,with_replacement,74,0.0,0.0
20,with_replacement,75,1.4e-05,1.9073486328124986e-05
20,with_replacement,76,0.0,0.0
20,with_replacement,77,0.0,0.0
20,with_replacement,78,0.0,0.0
20,with_replacement,79,0.0,0.0
20,with_replacement,80,0.0,0.0
20,with_replacement,81,0.000166,0.00018119812011718728
20,with_replacement,82,0.0,0.0
20,with_replacement,83,0.0,0.0
20,with_replacement,84,0.001032,0.0010871887207031226
20,with_replacement,85,0.0,0.0
20,with_replacement,86,0.0,0.0
20,with_replacement,87,0.004561,0.004620552062988287
20,with_replacement,88,0.0,0.0
20,with_replacement,89,0.0,0.0
20,with_replacement,90,0.01478,0.014785766601562497
20,with_replacement,91,0.0,0.0
20,with_replacement,92,0.036773,0.036964416503906236
20,with_replacement,93,0.0,0.0
20,with_replacement,94,0.074095,0.07392883300781242
20,with_replacement,95,0.0,0.0
20,with_replacement,96,0.120829,0.12013435363769535
20,with_replacement,97,0.0,0.0
20,with_replacement,98,0.160183,0.16017913818359375
20,with_replacement,99,0.0,0.0
20,with_replacement,100,0.176125,0.17619705200195296
20,with_replacement,101,0.0,0.0
20,with_replacement,102,0.160392,0.16017913818359378
20,with_replacement,103,0.0,0.0
20,with_replacement,104,0.11988,0.12013435363769535
20,with_replacement,105,0.0,0.0
20,with_replacement,106,0.07377,0.07392883300781242
20,with_replacement,107,0.0,0.0
20,with_replacement,108,0.036931,0.036964416503906236
20,with_replacement,109,0.0,0.0
20,with_replacement,110,0.014505,0.014785766601562497
20,with_replacement,111,0.0,0.0
20,with_replacement,112,0.0,0.0
20,with_replacement,113,0.004627,0.0046205520629882865
20,with_replacement,114,0.0,0.0
20,with_replacement,115,0.0,0.0
20,with_replacement,116,0.001124,0.0010871887207031226
20,with_replacement,117,0.0,0.0
20,with_replacement,118,0.0,0.0
20,with_replacement,119,0.000187,0.00018119812011718728
20,with_replacement,120,0.0,0.0
20,with_replacement,121,0.0,0.0
20,with_replacement,122,0.0,0.0
20,with_replacement,123,0.0,0.0
20,with_replacement,124,0.0,0.0
20,with_replacement,125,2.2e-05,1.9073486328124983e-05
20,with_replacement,126,0.0,0.0
20,with_replacement,127,0.0,0.0
20,with_replacement,128,0.0,0.0
20,with_replacement,129,2e-06,9.5367431640625e-07
20,with_replacement,130,0.0,0.0
20,with_replacement,131,0.0,0.0
20,with_replacement,132,0.0,0.0
20,with_replacement,133,0.0,0.0
20,with_replacement,134,0.0,0.0
20,with_replacement,135,0.0,0.0
20,with_replacement,136,0.0,0.0
20,with_replacement,137,0.0,0.0
20,with_replacement,138,0.0,0.0
20,with_replacement,139,0.0,0.0
20,with_replacement,140,0.0,0.0
20,with_replacement,141,0.0,0.0
20,with_replacement,142,0.0,0.0
20,with_replacement,143,0.0,0.0
20,with_replacement,144,0.0,0.0
20,with_replacement,145,0.0,0.0
20,without_replacement,55,0.0,0.0
20,without_replacement,56,0.0,0.0
20,without_replacement,57,0.0,0.0
20,without_replacement,58,0.0,0.0
20,without_replacement,59,0.0,0.0
20,without_replacement,60,0.0,0.0
20,without_replacement,61,0.0,0.0
20,without_replacement,62,0.0,0.0
20,without_replacement,63,0.0,0.0
20,without_replacement,64,0.0,0.0
20,without_replacement,65,0.0,0.0
20,without_replacement,66,0.0,0.0
20,without_replacement,67,0.0,0.0
20,without_replacement,68,0.0,0.0
20,without_replacement,69,0.0,0.0
20,without_replacement,70,0.0,0.0
20,without_replacement,71,0.0,8.79303628551999e-08
20,without_replacement,72,0.0,0.0
20,without_replacement,73,0.0,0.0
20,without_replacement,74,0.0,0.0
20,without_replacement,75,2e-06,2.836463317909674e-06
20,without_replacement,76,0.0,0.0
20,without_replacement,77,0.0,0.0
20,without_replacement,78,0.0,0.0
20,without_replacement,79,0.0,0.0
20,without_replacement,80,0.0,0.0
20,without_replacement,81,5e-05,4.126167732771729e-05
20,without_replacement,82,0.0,0.0
20,without_replacement,83,0.0,0.0
20,without_replacement,84,0.000387,0.0003601019112237145
20,without_replacement,85,0.0,0.0
20,without_replacement,86,0.0,0.0
20,without_replacement,87,0.002179,0.0021155987284393225
20,without_replacement,88,0.0,0.0
20,without_replacement,89,0.0,0.0
20,without_replacement,90,0.008798,0.008897603795036239
20,without_replacement,91,0.0,0.0
20,without_replacement,92,0.027849,0.02780501185948824
20,without_replacement,93,0.0,0.0
20,without_replacement,94,0.066174,0.06613083901716123
20,without_replacement,95,0.0,0.0
20,without_replacement,96,0.121212,0.12160243095589843
20,without_replacement,97,0.0,0.0
20,without_replacement,98,0.175027,0.1746086188084695
20,without_replacement,99,0.0,0.0
20,without_replacement,100,0.197137,0.19687121770654942
20,without_replacement,101,0.0,0.0
20,without_replacement,102,0.174626,0.17460861880846956
20,without_replacement,103,0.0,0.0
20,without_replacement,104,0.121713,0.12160243095589843
20,without_replacement,105,0.0,0.0
20,without_replacement,106,0.065889,0.06613083901716123
20,without_replacement,107,0.0,0.0
20,without_replacement,108,0.027835,0.027805011859488245
20,without_replacement,109,0.0,0.0
20,without_replacement,110,0.008677,0.008897603795036239
20,without_replacement,111,0.0,0.0
20,without_replacement,112,0.0,0.0
20,without_replacement,113,0.002063,0.0021155987284393225
20,without_replacement,114,0.0,0.0
20,without_replacement,115,0.0,0.0
20,without_replacement,116,0.000345,0.0003601019112237145
20,without_replacement,117,0.0,0.0
20,without_replacement,118,0.0,0.0
20,without_replacement,119,3.5e-05,4.126167732771729e-05
20,without_replacement,120,0.0,0.0
20,without_replacement,121,0.0,0.0
20,without_replacement,122,0.0,0.0
20,without_replacement,123,0.0,0.0
20,without_replacement,124,0.0,0.0
20,without_replacement,125,2e-06,2.836463317909674e-06
20,without_replacement,126,0.0,0.0
20,without_replacement,127,0.0,0.0
20,without_replacement,128,0.0,0.0
20,without_replacement,129,0.0,8.79303628551999e-08
20,without_replacement,130,0.0,0.0
20,without_replacement,131,0.0,0.0
20,without_replacement,132,0.0,0.0
20,without_replacement,133,0.0,0.0
20,without_replacement,134,0.0,0.0
20,without_replacement,135,0.0,0.0
20,without_replacement,136,0.0,0.0
20,without_replacement,137,0.0,0.0
20,without_replacement,138,0.0,0.0
20,without_replacement,139,0.0,0.0
20,without_replacement,140,0.0,0.0
20,without_replacement,141,0.0,0.0
20,without_replacement,142,0.0,0.0
20,without_replacement,143,0.0,0.0
20,without_replacement,144,0.0,0.0
20,without_replacement,145,0.0,0.0
25,with_replacement,55,0.0,0.0
25,with_replacement,56,0.0,0.0
25,with_replacement,57,0.0,0.0
25,with_replacement,58,0.0,0.0
25,with_replacement,59,0.0,0.0
25,with_replacement,60,0.0,0.0
25,with_replacement,61,0.0,0.0
25,with_replacement,62,0.0,0.0
25,with_replacement,63,0.0,0.0
25,with_replacement,64,0.0,0.0
25,with_replacement,65,0.0,0.0
25,with_replacement,66,0.0,0.0
25,with_replacement,67,0.0,0.0
25,with_replacement,68,0.0,0.0
25,with_replacement,69,0.0,2.9802322387695425e-08
25,with_replacement,70,0.0,0.0
25,with_replacement,71,0.0,0.0
25,with_replacement,72,0.0,0.0
25,with_replacement,73,0.0,0.0
25,with_replacement,74,1e-06,7.450580596923826e-07
25,with_replacement,75,0.0,0.0
25,with_replacement,76,0.0,0.0
25,with_replacement,77,0.0,0.0
25,with_replacement,78,0.0,0.0
25,with_replacement,79,8e-06,8.94069671630862e-06
25,with_replacement,80,0.0,0.0
25,with_replacement,81,0.0,0.0
25,with_replacement,82,4.9e-05,6.854534149169922e-05
25,with_replacement,83,0.0,0.0
25,with_replacement,84,0.0,0.0
25,with_replacement,85,0.000389,0.0003769993782043461
25,with_replacement,86,0.0,0.0
25,with_replacement,87,0.00159,0.00158339738845825
25,with_replacement,88,0.0,0.0
25,with_replacement,89,0.005353,0.005277991294860842
25,with_replacement,90,0.0,0.0
25,with_replacement,91,0.014214,0.014325976371765138
25,with_replacement,92,0.0,0.0
25,with_replacement,93,0.032012,0.03223344683647161
25,with_replacement,94,0.0,0.0
25,with_replacement,95,0.060815,0.060885399580001824
25,with_replacement,96,0.097416,0.09741663932800294
25,with_replacement,97,0.0,0.0
25,with_replacement,98,0.132965,0.13284087181091322
25,with_replacement,99,0.155027,0.1549810171127318
25,with_replacement,100,0.0,0.0
25,with_replacement,101,0.15497,0.1549810171127318
25,with_replacement,102,0.132803,0.13284087181091325
25,with_replacement,103,0.0,0.0
25,with_replacement,104,0.097507,0.09741663932800296
25,with_replacement,105,0.060799,0.060885399580001824
25,with_replacement,106,0.0,0.0
25,with_replacement,107,0.032185,0.03223344683647162
25,with_replacement,108,0.0,0.0
25,with_replacement,109,0.014595,0.014325976371765137
25,with_replacement,110,0.0,0.0
25,with_replacement,111,0.005314,0.005277991294860841
25,with_replacement,112,0.0,0.0
25,with_replacement,113,0.001524,0.0015833973884582504
25,with_replacement,114,0.0,0.0
25,with_replacement,115,0.000386,0.0003769993782043461
25,with_replacement,116,0.0,0.0
25,with_replacement,117,0.0,0.0
25,with_replacement,118,7e-05,6.85453414916992e-05
25,with_replacement,119,0.0,0.0
25,with_replacement,120,0.0,0.0
25,with_replacement,121,8e-06,8.940696716308621e-06
25,with_replacement,122,0.0,0.0
25,with_replacement,123,0.0,0.0
25,with_replacement,124,0.0,0.0
25,with_replacement,125,0.0,0.0
25,with_replacement,126,0.0,7.450580596923824e-07
25,with_replacement,127,0.0,0.0
25,with_replacement,128,0.0,0.0
25,with_replacement,129,0.0,0.0
25,with_replacement,130,0.0,0.0
25,with_replacement,131,0.0,2.9802322387695312e-08
25,with_replacement,132,0.0,0.0
25,with_replacement,133,0.0,0.0
25,with_replacement,134,0.0,0.0
25,with_replacement,135,0.0,0.0
25,with_replacement,136,0.0,0.0
25,with_replacement,137,0.0,0.0
25,with_replacement,138,0.0,0.0
25,with_replacement,139,0.0,0.0
25,with_replacement,140,0.0,0.0
25,with_replacement,141,0.0,0.0
25,with_replacement,142,0.0,0.0
25,with_replacement,143,0.0,0.0
25,with_replacement,144,0.0,0.0
25,with_replacement,145,0.0,0.0
25,without_replacement,55,0.0,0.0
25,without_replacement,56,0.0,0.0
25,without_replacement,57,0.0,0.0
25,without_replacement,58,0.0,0.0
25,without_replacement,59,0.0,0.0
25,without_replacement,60,0.0,0.0
25,without_replacement,61,0.0,0.0
25,without_replacement,62,0.0,0.0
25,without_replacement,63,0.0,0.0
25,without_replacement,64,0.0,0.0
25,without_replacement,65,0.0,0.0
25,without_replacement,66,0.0,0.0
25,without_replacement,67,0.0,0.0
25,without_replacement,68,0.0,0.0
25,without_replacement,69,0.0,5.212394321635692e-10
25,without_replacement,70,0.0,0.0
25,without_replacement,71,0.0,0.0
25,without_replacement,72,0.0,0.0
25,without_replacement,73,0.0,0.0
25,without_replacement,74,0.0,2.5059588084786977e-08
25,without_replacement,75,0.0,0.0
25,without_replacement,76,0.0,0.0
25,without_replacement,77,0.0,0.0
25,without_replacement,78,0.0,0.0
25,without_replacement,79,0.0,5.457421405131385e-07
25,without_replacement,80,0.0,0.0
25,without_replacement,81,0.0,0.0
25,without_replacement,82,8e-06,7.172610989601251e-06
25,without_replacement,83,0.0,0.0
25,without_replacement,84,0.0,0.0
25,without_replacement,85,7.7e-05,6.393517037282494e-05
25,without_replacement,86,0.0,0.0
25,without_replacement,87,0.000444,0.0004117424972009926
25,without_replacement,88,0.0,0.0
25,without_replacement,89,0.001879,0.0019923024058112544
25,without_replacement,90,0.0,0.0
25,without_replacement,91,0.00741,0.007435557193117006
25,without_replacement,92,0.0,0.0
25,without_replacement,93,0.02179,0.0217997017707294
25,without_replacement,94,0.0,0.0
25,without_replacement,95,0.050797,0.0508659707983686
25,without_replacement,96,0.095172,0.09533736241065656
25,without_replacement,97,0.0,0.0
25,without_replacement,98,0.144408,0.14445054910705535
25,without_replacement,99,0.178121,0.17763513471273026
25,without_replacement,100,0.0,0.0
25,without_replacement,101,0.177329,0.17763513471273026
25,without_replacement,102,0.144303,0.1444505491070554
25,without_replacement,103,0.0,0.0
25,without_replacement,104,0.095106,0.09533736241065656
25,without_replacement,105,0.051284,0.050865970798368576
25,without_replacement,106,0.0,0.0
25,without_replacement,107,0.021822,0.02179970177072939
25,without_replacement,108,0.0,0.0
25,without_replacement,109,0.007595,0.007435557193117004
25,without_replacement,110,0.0,0.0
25,without_replacement,111,0.001973,0.0019923024058112544
25,without_replacement,112,0.0,0.0
25,without_replacement,113,0.000428,0.00041174249720099266
25,without_replacement,114,0.0,0.0
25,without_replacement,115,4.9e-05,6.393517037282494e-05
25,without_replacement,116,0.0,0.0
25,without_replacement,117,0.0,0.0
25,without_replacement,118,5e-06,7.172610989601249e-06
25,without_replacement,119,0.0,0.0
25,without_replacement,120,0.0,0.0
25,without_replacement,121,0.0,5.457421405131385e-07
25,without_replacement,122,0.0,0.0
25,without_replacement,123,0.0,0.0
25,without_replacement,124,0.0,0.0
25,without_replacement,125,0.0,0.0
25,without_replacement,126,0.0,2.5059588084786977e-08
25,without_replacement,127,0.0,0.0
25,without_replacement,128,0.0,0.0
25,without_replacement,129,0.0,0.0
25,without_replacement,130,0.0,0.0
25,without_replacement,131,0.0,5.212394321635692e-10
25,without_replacement,132,0.0,0.0
25,without_replacement,133,0.0,0.0
25,without_replacement,134,0.0,0.0
25,without_replacement,135,0.0,0.0
25,without_replacement,136,0.0,0.0
25,without_replacement,137,0.0,0.0
25,without_replacement,138,0.0,0.0
25,without_replacement,139,0.0,0.0
25,without_replacement,140,0.0,0.0
25,without_replacement,141,0.0,0.0
25,without_replacement,142,0.0,0.0
25,without_replacement,143,0.0,0.0
25,without_replacement,144,0.0,0.0
25,without_replacement,145,0.0,0.0
30,with_replacement,55,0.0,0.0
30,with_replacement,56,0.0,0.0
30,with_replacement,57,0.0,0.0
30,with_replacement,58,0.0,0.0
30,with_replacement,59,0.0,0.0
30,with_replacement,60,0.0,0.0
30,with_replacement,61,0.0,0.0
30,with_replacement,62,0.0,0.0
30,with_replacement,63,0.0,0.0
30,with_replacement,64,0.0,0.0
30,with_replacement,65,0.0,0.0
30,with_replacement,66,0.0,0.0
30,with_replacement,67,0.0,0.0
30,with_replacement,68,0.0,9.313225746154802e-10
30,with_replacement,69,0.0,0.0
30,with_replacement,70,0.0,0.0
30,with_replacement,71,0.0,0.0
30,with_replacement,72,0.0,2.79396772384643e-08
30,with_replacement,73,0.0,0.0
30,with_replacement,74,0.0,0.0
30,with_replacement,75,0.0,0.0
30,with_replacement,76,0.0,0.0
30,with_replacement,77,0.0,4.051253199577333e-07
30,with_replacement,78,0.0,0.0
30,with_replacement,79,0.0,0.0
30,with_replacement,80,0.0,0.0
30,with_replacement,81,8e-06,3.7811696529388512e-06
30,with_replacement,82,0.0,0.0
30,with_replacement,83,1.7e-05,2.5522895157337202e-05
30,with_replacement,84,0.0,0.0
30,with_replacement,85,0.000126,0.00013271905481815357
30,with_replacement,86,0.0,0.0
30,with_replacement,87,0.000577,0.000552996061742306
30,with_replacement,88,0.0,0.0
30,with_replacement,89,0.001888,0.0018959864974021916
30,with_replacement,90,0.0,0.0
30,with_replacement,91,0.005508,0.005450961180031308
30,with_replacement,92,0.013381,0.013324571773409856
30,with_replacement,93,0.0,0.0
30,with_replacement,94,0.027958,0.02798160072416065
30,with_replacement,95,0.050963,0.050875637680292275
30,with_replacement,96,0.080417,0.08055309299379596
30,with_replacement,97,0.11144,0.1115350518375635
30,with_replacement,98,0.0,0.0
30,with_replacement,99,0.135047,0.13543542008847012
30,with_replacement,100,0.144512,0.14446444809436768
30,with_replacement,101,0.135241,0.1354354200884701
30,with_replacement,102,0.0,0.0
30,with_replacement,103,0.11182,0.11153505183756349
30,with_replacement,104,0.081129,0.08055309299379596
30,with_replacement,105,0.05052,0.05087563768029227
30,with_replacement,106,0.028177,0.0279816007241607
30,with_replacement,107,0.0,0.0
30,with_replacement,108,0.013299,0.013324571773409854
30,with_replacement,109,0.005433,0.00545096118003131
30,with_replacement,110,0.0,0.0
30,with_replacement,111,0.001871,0.0018959864974021914
30,with_replacement,112,0.0,0.0
30,with_replacement,113,0.000511,0.0005529960617423061
30,with_replacement,114,0.0,0.0
30,with_replacement,115,0.000126,0.00013271905481815354
30,with_replacement,116,0.0,0.0
30,with_replacement,117,2.5e-05,2.5522895157337206e-05
30,with_replacement,118,0.0,0.0
30,with_replacement,119,4e-06,3.7811696529388512e-06
30,with_replacement,120,0.0,0.0
30,with_replacement,121,0.0,0.0
30,with_replacement,122,0.0,0.0
30,with_replacement,123,2e-06,4.051253199577333e-07
30,with_replacement,124,0.0,0.0
30,with_replacement,125,0.0,0.0
30,with_replacement,126,0.0,0.0
30,with_replacement,127,0.0,0.0
30,with_replacement,128,0.0,2.79396772384643e-08
30,with_replacement,129,0.0,0.0
30,with_replacement,130,0.0,0.0
30,with_replacement,131,0.0,0.0
30,with_replacement,132,0.0,9.313225746154785e-10
30,with_replacement,133,0.0,0.0
30,with_replacement,134,0.0,0.0
30,with_replacement,135,0.0,0.0
30,with_replacement,136,0.0,0.0
30,with_replacement,137,0.0,0.0
30,with_replacement,138,0.0,0.0
30,with_replacement,139,0.0,0.0
30,with_replacement,140,0.0,0.0
30,with_replacement,141,0.0,0.0
30,with_replacement,142,0.0,0.0
30,with_replacement,143,0.0,0.0
30,with_replacement,144,0.0,0.0
30,with_replacement,145,0.0,0.0
30,without_replacement,55,0.0,0.0
30,without_replacement,56,0.0,0.0
30,without_replacement,57,0.0,0.0
30,without_replacement,58,0.0,0.0
30,without_replacement,59,0.0,0.0
30,without_replacement,60,0.0,0.0
30,without_replacement,61,0.0,0.0
30,without_replacement,62,0.0,0.0
30,without_replacement,63,0.0,0.0
30,without_replacement,64,0.0,0.0
30,without_replacement,65,0.0,0.0
30,without_replacement,66,0.0,0.0
30,without_replacement,67,0.0,0.0
30,without_replacement,68,0.0,1.6045440210140933e-12
30,without_replacement,69,0.0,0.0
30,without_replacement,70,0.0,0.0
30,without_replacement,71,0.0,0.0
30,without_replacement,72,0.0,1.1461028721529238e-10
30,without_replacement,73,0.0,0.0
30,without_replacement,74,0.0,0.0
30,without_replacement,75,0.0,0.0
30,without_replacement,76,0.0,0.0
30,without_replacement,77,0.0,3.701391321202965e-09
30,without_replacement,78,0.0,0.0
30,without_replacement,79,0.0,0.0
30,without_replacement,80,0.0,0.0
30,without_replacement,81,0.0,7.209666573473601e-08
30,without_replacement,82,0.0,0.0
30,without_replacement,83,1e-06,9.530278001810416e-07
30,without_replacement,84,0.0,0.0
30,without_replacement,85,5e-06,9.118569992132206e-06
30,without_replacement,86,0.0,0.0
30,without_replacement,87,5.5e-05,6.575891821249188e-05
30,without_replacement,88,0.0,0.0
30,without_replacement,89,0.000369,0.00036741490810789107
30,without_replacement,90,0.0,0.0
30,without_replacement,91,0.001626,0.0016222024291013583
30,without_replacement,92,0.005661,0.0057429695191174536
30,without_replacement,93,0.0,0.0
30,without_replacement,94,0.016587,0.016482322519867088
30,without_replacement,95,0.038942,0.03866820532520139
30,without_replacement,96,0.07495,0.07461755246347454
30,without_replacement,97,0.118904,0.11897064308861675
30,without_replacement,98,0.0,0.0
30,without_replacement,99,0.157018,0.15721120693852925
30,without_replacement,100,0.173047,0.172483152755415
30,without_replacement,101,0.156935,0.1572112069385293
30,without_replacement,102,0.0,0.0
30,without_replacement,103,0.118543,0.11897064308861677
30,without_replacement,104,0.074453,0.07461755246347454
30,without_replacement,105,0.038547,0.03866820532520138
30,without_replacement,106,0.016613,0.016482322519867088
30,without_replacement,107,0.0,0.0
30,without_replacement,108,0.00568,0.005742969519117453
30,without_replacement,109,0.001616,0.0016222024291013583
30,without_replacement,110,0.0,0.0
30,without_replacement,111,0.000363,0.0003674149081078911
30,without_replacement,112,0.0,0.0
30,without_replacement,113,7e-05,6.575891821249187e-05
30,without_replacement,114,0.0,0.0
30,without_replacement,115,1.5e-05,9.118569992132208e-06
30,without_replacement,116,0.0,0.0
30,without_replacement,117,0.0,9.530278001810415e-07
30,without_replacement,118,0.0,0.0
30,without_replacement,119,0.0,7.209666573473601e-08
30,without_replacement,120,0.0,0.0
30,without_replacement,121,0.0,0.0
30,without_replacement,122,0.0,0.0
30,without_replacement,123,0.0,3.7013913212029645e-09
30,without_replacement,124,0.0,0.0
30,without_replacement,125,0.0,0.0
30,without_replacement,126,0.0,0.0
30,without_replacement,127,0.0,0.0
30,without_replacement,128,0.0,1.1461028721529239e-10
30,without_replacement,129,0.0,0.0
30,without_replacement,130,0.0,0.0
30,without_replacement,131,0.0,0.0
30,without_replacement,132,0.0,1.6045440210140933e-12
30,without_replacement,133,0.0,0.0
30,without_replacement,134,0.0,0.0
30,without_replacement,135,0.0,0.0
30,without_replacement,136,0.0,0.0
30,without_replacement,137,0.0,0.0
30,without_replacement,138,0.0,0.0
30,without_replacement,139,0.0,0.0
30,without_replacement,140,0.0,0.0
30,without_replacement,141,0.0,0.0
30,without_replacement,142,0.0,0.0
30,without_replacement,143,0.0,0.0
30,without_replacement,144,0.0,0.0
30,without_replacement,145,0.0,0.0
35,with_replacement,55,0.0,0.0
35,with_replacement,56,0.0,0.0
35,with_replacement,57,0.0,0.0
35,with_replacement,58,0.0,0.0
35,with_replacement,59,0.0,0.0
35,with_replacement,60,0.0,0.0
35,with_replacement,61,0.0,0.0
35,with_replacement,62,0.0,0.0
35,with_replacement,63,0.0,0.0
35,with_replacement,64,0.0,0.0
35,with_replacement,65,0.0,0.0
35,with_replacement,66,0.0,0.0
35,with_replacement,67,0.0,2.9103830456733697e-11
35,with_replacement,68,0.0,0.0
35,with_replacement,69,0.0,0.0
35,with_replacement,70,0.0,0.0
35,with_replacement,71,0.0,1.018634065985682e-09
35,with_replacement,72,0.0,0.0
35,with_replacement,73,0.0,0.0
35,with_replacement,74,0.0,0.0
35,with_replacement,75,0.0,0.0
35,with_replacement,76,0.0,1.731677912175651e-08
35,with_replacement,77,0.0,0.0
35,with_replacement,78,0.0,0.0
35,with_replacement,79,0.0,1.9048457033932273e-07
35,with_replacement,80,0.0,0.0
35,with_replacement,81,0.0,0.0
35,with_replacement,82,1e-06,1.5238765627145812e-06
35,with_replacement,83,0.0,0.0
35,with_replacement,84,1.3e-05,9.448034688830393e-06
35,with_replacement,85,0.0,0.0
35,with_replacement,86,6e-05,4.7240173444151926e-05
35,with_replacement,87,0.00023,0.00019570928998291487
35,with_replacement,88,0.0,0.0
35,with_replacement,89,0.000692,0.0006849825149402016
35,with_replacement,90,0.002,0.0020549475448206106
35,with_replacement,91,0.0,0.0
35,with_replacement,92,0.00531,0.0053428636165335774
35,with_replacement,93,0.012068,0.012142871855758129
35,with_replacement,94,0.024483,0.02428574371151626
35,with_replacement,95,0.043089,0.042967085028067266
35,with_replacement,96,0.06708,0.06751970504410558
35,with_replacement,97,0.094576,0.09452758706174799
35,with_replacement,98,0.117916,0.11815948382718466
35,with_replacement,99,0.132105,0.1320605995715596
35,with_replacement,100,0.0,0.0
35,with_replacement,101,0.132732,0.13206059957155958
35,with_replacement,102,0.118422,0.11815948382718472
35,with_replacement,103,0.094417,0.094527587061748
35,with_replacement,104,0.067294,0.06751970504410558
35,with_replacement,105,0.042752,0.04296708502806728
35,with_replacement,106,0.024329,0.024285743711516258
35,with_replacement,107,0.012098,0.012142871855758125
35,with_replacement,108,0.005398,0.0053428636165335774
35,with_replacement,109,0.0,0.0
35,with_replacement,110,0.002011,0.0020549475448206106
35,with_replacement,111,0.000669,0.0006849825149402017
35,with_replacement,112,0.0,0.0
35,with_replacement,113,0.00019,0.0001957092899829149
35,with_replacement,114,5.5e-05,4.7240173444151905e-05
35,with_replacement,115,0.0,0.0
35,with_replacement,116,8e-06,9.448034688830393e-06
35,with_replacement,117,0.0,0.0
35,with_replacement,118,1e-06,1.5238765627145812e-06
35,with_replacement,119,0.0,0.0
35,with_replacement,120,0.0,0.0
35,with_replacement,121,1e-06,1.9048457033932273e-07
35,with_replacement,122,0.0,0.0
35,with_replacement,123,0.0,0.0
35,with_replacement,124,0.0,1.731677912175651e-08
35,with_replacement,125,0.0,0.0
35,with_replacement,126,0.0,0.0
35,with_replacement,127,0.0,0.0
35,with_replacement,128,0.0,0.0
35,with_replacement,129,0.0,1.0186340659856817e-09
35,with_replacement,130,0.0,0.0
35,with_replacement,131,0.0,0.0
35,with_replacement,132,0.0,0.0
35,with_replacement,133,0.0,2.9103830456733704e-11
35,with_replacement,134,0.0,0.0
35,with_replacement,135,0.0,0.0
35,with_replacement,136,0.0,0.0
35,with_replacement,137,0.0,0.0
35,with_replacement,138,0.0,0.0
35,with_replacement,139,0.0,0.0
35,with_replacement,140,0.0,0.0
35,with_replacement,141,0.0,0.0
35,with_replacement,142,0.0,0.0
35,with_replacement,143,0.0,0.0
35,with_replacement,144,0.0,0.0
35,with_replacement,145,0.0,0.0
35,without_replacement,55,0.0,0.0
35,without_replacement,56,0.0,0.0
35,without_replacement,57,0.0,0.0
35,without_replacement,58,0.0,0.0
35,without_replacement,59,0.0,0.0
35,without_replacement,60,0.0,0.0
35,without_replacement,61,0.0,0.0
35,without_replacement,62,0.0,0.0
35,without_replacement,63,0.0,0.0
35,without_replacement,64,0.0,0.0
35,without_replacement,65,0.0,0.0
35,without_replacement,66,0.0,0.0
35,without_replacement,67,0.0,2.0554260700518485e-15
35,without_replacement,68,0.0,0.0
35,without_replacement,69,0.0,0.0
35,without_replacement,70,0.0,0.0
35,without_replacement,71,0.0,2.2481222641192094e-13
35,without_replacement,72,0.0,0.0
35,without_replacement,73,0.0,0.0
35,without_replacement,74,0.0,0.0
35,without_replacement,75,0.0,0.0
35,without_replacement,76,0.0,1.1015799094184125e-11
35,without_replacement,77,0.0,0.0
35,without_replacement,78,0.0,0.0
35,without_replacement,79,0.0,3.2313010676273435e-10
35,without_replacement,80,0.0,0.0
35,without_replacement,81,0.0,0.0
35,without_replacement,82,0.0,6.394574744357269e-09
35,without_replacement,83,0.0,0.0
35,without_replacement,84,0.0,9.118663585453466e-08
35,without_replacement,85,0.0,0.0
35,without_replacement,86,0.0,9.769996698700141e-07
35,without_replacement,87,7e-06,8.095140121780116e-06
35,without_replacement,88,0.0,0.0
35,without_replacement,89,5.2e-05,5.2970373405561194e-05
35,without_replacement,90,0.000275,0.0002780944603791963
35,without_replacement,91,0.0,0.0
35,without_replacement,92,0.001191,0.001185794779056893
35,without_replacement,93,0.004196,0.004146135591108017
35,without_replacement,94,0.011862,0.011977725040978717
35,without_replacement,95,0.028657,0.028759702433558788
35,without_replacement,96,0.057656,0.05766107827812032
35,without_replacement,97,0.09658,0.09687061150724213
35,without_replacement,98,0.136917,0.13671255656264014
35,without_replacement,99,0.161666,0.16234616091813517
35,without_replacement,100,0.0,0.0
35,without_replacement,101,0.162974,0.16234616091813517
35,without_replacement,102,0.136508,0.13671255656264014
35,without_replacement,103,0.097121,0.09687061150724213
35,without_replacement,104,0.057964,0.05766107827812032
35,without_replacement,105,0.028672,0.028759702433558788
35,without_replacement,106,0.012008,0.011977725040978715
35,without_replacement,107,0.00416,0.004146135591108017
35,without_replacement,108,0.001194,0.001185794779056893
35,without_replacement,109,0.0,0.0
35,without_replacement,110,0.000278,0.0002780944603791963
35,without_replacement,111,5.5e-05,5.29703734055612e-05
35,without_replacement,112,0.0,0.0
35,without_replacement,113,7e-06,8.095140121780116e-06
35,without_replacement,114,0.0,9.769996698700141e-07
35,without_replacement,115,0.0,0.0
35,without_replacement,116,0.0,9.118663585453465e-08
35,without_replacement,117,0.0,0.0
35,without_replacement,118,0.0,6.39457474435727e-09
35,without_replacement,119,0.0,0.0
35,without_replacement,120,0.0,0.0
35,without_replacement,121,0.0,3.2313010676273435e-10
35,without_replacement,122,0.0,0.0
35,without_replacement,123,0.0,0.0
35,without_replacement,124,0.0,1.1015799094184125e-11
35,without_replacement,125,0.0,0.0
35,without_replacement,126,0.0,0.0
35,without_replacement,127,0.0,0.0
35,without_replacement,128,0.0,0.0
35,without_replacement,129,0.0,2.2481222641192092e-13
35,without_replacement,130,0.0,0.0
35,without_replacement,131,0.0,0.0
35,without_replacement,132,0.0,0.0
35,without_replacement,133,0.0,2.0554260700518485e-15
35,without_replacement,134,0.0,0.0
35,without_replacement,135,0.0,0.0
35,without_replacement,136,0.0,0.0
35,without_replacement,137,0.0,0.0
35,without_replacement,138,0.0,0.0
35,without_replacement,139,0.0,0.0
35,without_replacement,140,0.0,0.0
35,without_replacement,141,0.0,0.0
35,without_replacement,142,0.0,0.0
35,without_replacement,143,0.0,0.0
35,without_replacement,144,0.0,0.0
35,without_replacement,145,0.0,0.0
40,with_replacement,55,0.0,0.0
40,with_replacement,56,0.0,0.0
40,with_replacement,57,0.0,0.0
40,with_replacement,58,0.0,0.0
40,with_replacement,59,0.0,0.0
40,with_replacement,60,0.0,0.0
40,with_replacement,61,0.0,0.0
40,with_replacement,62,0.0,0.0
40,with_replacement,63,0.0,0.0
40,with_replacement,64,0.0,0.0
40,with_replacement,65,0.0,0.0
40,with_replacement,66,0.0,9.09494701772929e-13
40,with_replacement,67,0.0,0.0
40,with_replacement,68,0.0,0.0
40,with_replacement,69,0.0,0.0
40,with_replacement,70,0.0,0.0
40,with_replacement,71,0.0,3.63797880709171e-11
40,with_replacement,72,0.0,0.0
40,with_replacement,73,0.0,0.0
40,with_replacement,74,0.0,0.0
40,with_replacement,75,0.0,7.09405867382883e-10
40,with_replacement,76,0.0,0.0
40,with_replacement,77,0.0,0.0
40,with_replacement,78,0.0,8.985807653516556e-09
40,with_replacement,79,0.0,0.0
40,with_replacement,80,0.0,0.0
40,with_replacement,81,0.0,8.311872079502794e-08
40,with_replacement,82,0.0,0.0
40,with_replacement,83,0.0,5.984547897242e-07
40,with_replacement,84,1e-06,3.4909862733911736e-06
40,with_replacement,85,0.0,0.0
40,with_replacement,86,1.8e-05,1.695621904218571e-05
40,with_replacement,87,6.7e-05,6.994440354901595e-05
40,with_replacement,88,0.0,0.0
40,with_replacement,89,0.000274,0.00024869121261872324
40,with_replacement,90,0.000777,0.0007709427591180408
40,with_replacement,91,0.002113,0.0021025711612310287
40,with_replacement,92,0.005064,0.005081213639641654
40,with_replacement,93,0.010944,0.010944152454612811
40,with_replacement,94,0.021017,0.021106579733896055
40,with_replacement,95,0.036651,0.03658473820541987
40,with_replacement,96,0.057455,0.05716365344596864
40,with_replacement,97,0.08118,0.08070162839430847
40,with_replacement,98,0.102723,0.10311874739272742
40,with_replacement,99,0.118806,0.11940065487578969
40,with_replacement,100,0.125608,0.125370687619579
40,with_replacement,101,0.119707,0.1194006548757897
40,with_replacement,102,0.103046,0.10311874739272749
40,with_replacement,103,0.080651,0.08070162839430847
40,with_replacement,104,0.057261,0.05716365344596871
40,with_replacement,105,0.036323,0.03658473820541987
40,with_replacement,106,0.021132,0.021106579733896052
40,with_replacement,107,0.010961,0.010944152454612813
40,with_replacement,108,0.00501,0.005081213639641654
40,with_replacement,109,0.002123,0.0021025711612310287
40,with_replacement,110,0.000763,0.000770942759118041
40,with_replacement,111,0.000237,0.00024869121261872324
40,with_replacement,112,0.0,0.0
40,with_replacement,113,6.6e-05,6.994440354901595e-05
40,with_replacement,114,1.2e-05,1.695621904218571e-05
40,with_replacement,115,0.0,0.0
40,with_replacement,116,9e-06,3.4909862733911744e-06
40,with_replacement,117,1e-06,5.984547897242e-07
40,with_replacement,118,0.0,0.0
40,with_replacement,119,0.0,8.311872079502794e-08
40,with_replacement,120,0.0,0.0
40,with_replacement,121,0.0,0.0
40,with_replacement,122,0.0,8.985807653516557e-09
40,with_replacement,123,0.0,0.0
40,with_replacement,124,0.0,0.0
40,with_replacement,125,0.0,7.09405867382883e-10
40,with_replacement,126,0.0,0.0
40,with_replacement,127,0.0,0.0
40,with_replacement,128,0.0,0.0
40,with_replacement,129,0.0,3.637978807091709e-11
40,with_replacement,130,0.0,0.0
40,with_replacement,131,0.0,0.0
40,with_replacement,132,0.0,0.0
40,with_replacement,133,0.0,0.0
40,with_replacement,134,0.0,9.094947017729282e-13
40,with_replacement,135,0.0,0.0
40,with_replacement,136,0.0,0.0
40,with_replacement,137,0.0,0.0
40,with_replacement,138,0.0,0.0
40,with_replacement,139,0.0,0.0
40,with_replacement,140,0.0,0.0
40,with_replacement,141,0.0,0.0
40,with_replacement,142,0.0,0.0
40,with_replacement,143,0.0,0.0
40,with_replacement,144,0.0,0.0
40,with_replacement,145,0.0,0.0
40,without_replacement,55,0.0,0.0
40,without_replacement,56,0.0,0.0
40,without_replacement,57,0.0,0.0
40,without_replacement,58,0.0,0.0
40,without_replacement,59,0.0,0.0
40,without_replacement,60,0.0,0.0
40,without_replacement,61,0.0,0.0
40,without_replacement,62,0.0,0.0
40,without_replacement,63,0.0,0.0
40,without_replacement,64,0.0,0.0
40,without_replacement,65,0.0,0.0
40,without_replacement,66,0.0,7.472794411214413e-19
40,without_replacement,67,0.0,0.0
40,without_replacement,68,0.0,0.0
40,without_replacement,69,0.0,0.0
40,without_replacement,70,0.0,0.0
40,without_replacement,71,0.0,1.3586898929480752e-16
40,without_replacement,72,0.0,0.0
40,without_replacement,73,0.0,0.0
40,without_replacement,74,0.0,0.0
40,without_replacement,75,0.0,1.0818568272599045e-14
40,without_replacement,76,0.0,0.0
40,without_replacement,77,0.0,0.0
40,without_replacement,78,0.0,5.059761161338631e-13
40,without_replacement,79,0.0,0.0
40,without_replacement,80,0.0,0.0
40,without_replacement,81,0.0,1.571236546351407e-11
40,without_replacement,82,0.0,0.0
40,without_replacement,83,0.0,3.469290294343907e-10
40,without_replacement,84,0.0,5.691804389157973e-09
40,without_replacement,85,0.0,0.0
40,without_replacement,86,0.0,7.155411232084309e-08
40,without_replacement,87,0.0,7.051061484949745e-07
40,without_replacement,88,0.0,0.0
40,without_replacement,89,7e-06,5.541886921504361e-06
40,without_replacement,90,2.4e-05,3.521869138616021e-05
40,without_replacement,91,0.000206,0.00018295424096706603
40,without_replacement,92,0.000727,0.0007837926005066351
40,without_replacement,93,0.002764,0.0027891482506323074
40,without_replacement,94,0.008337,0.008292735423754985
40,without_replacement,95,0.020786,0.02069866761769244
40,without_replacement,96,0.043511,0.04353686097471367
40,without_replacement,97,0.077698,0.07739886395504654
40,without_replacement,98,0.11639,0.11655900345611174
40,without_replacement,99,0.149037,0.14892475214719178
40,without_replacement,100,0.161739,0.16158335607970306
40,without_replacement,101,0.148517,0.14892475214719178
40,without_replacement,102,0.11662,0.11655900345611174
40,without_replacement,103,0.077809,0.07739886395504654
40,without_replacement,104,0.043153,0.043536860974713674
40,without_replacement,105,0.020847,0.020698667617692443
40,without_replacement,106,0.008118,0.008292735423754985
40,without_replacement,107,0.002776,0.002789148250632307
40,without_replacement,108,0.000735,0.0007837926005066351
40,without_replacement,109,0.00016,0.00018295424096706608
40,without_replacement,110,3e-05,3.521869138616021e-05
40,without_replacement,111,5e-06,5.54188692150436e-06
40,without_replacement,112,0.0,0.0
40,without_replacement,113,4e-06,7.051061484949746e-07
40,without_replacement,114,0.0,7.155411232084309e-08
40,without_replacement,115,0.0,0.0
40,without_replacement,116,0.0,5.691804389157972e-09
40,without_replacement,117,0.0,3.4692902943439073e-10
40,without_replacement,118,0.0,0.0
40,without_replacement,119,0.0,1.571236546351407e-11
40,without_replacement,120,0.0,0.0
40,without_replacement,121,0.0,0.0
40,without_replacement,122,0.0,5.059761161338631e-13
40,without_replacement,123,0.0,0.0
40,without_replacement,124,0.0,0.0
40,without_replacement,125,0.0,1.0818568272599046e-14
40,without_replacement,126,0.0,0.0
40,without_replacement,127,0.0,0.0
40,without_replacement,128,0.0,0.0
40,without_replacement,129,0.0,1.3586898929480752e-16
40,without_replacement,130,0.0,0.0
40,without_replacement,131,0.0,0.0
40,without_replacement,132,0.0,0.0
40,without_replacement,133,0.0,0.0
40,without_replacement,134,0.0,7.472794411214413e-19
40,without_replacement,135,0.0,0.0
40,without_replacement,136,0.0,0.0
40,without_replacement,137,0.0,0.0
40,without_replacement,138,0.0,0.0
40,without_replacement,139,0.0,0.0
40,without_replacement,140,0.0,0.0
40,without_replacement,141,0.0,0.0
40,without_replacement,142,0.0,0.0
40,without_replacement,143,0.0,0.0
40,without_replacement,144,0.0,0.0
40,without_replacement,145,0.0,0.0
45,with_replacement,55,0.0,0.0
45,with_replacement,56,0.0,0.0
45,with_replacement,57,0.0,0.0
45,with_replacement,58,0.0,0.0
45,with_replacement,59,0.0,0.0
45,with_replacement,60,0.0,0.0
45,with_replacement,61,0.0,0.0
45,with_replacement,62,0.0,0.0
45,with_replacement,63,0.0,0.0
45,with_replacement,64,0.0,0.0
45,with_replacement,65,0.0,0.0
45,with_replacement,66,0.0,2.8421709430403947e-14
45,with_replacement,67,0.0,0.0
45,with_replacement,68,0.0,0.0
45,with_replacement,69,0.0,0.0
45,with_replacement,70,0.0,1.2789769243681745e-12
45,with_replacement,71,0.0,0.0
45,with_replacement,72,0.0,0.0
45,with_replacement,73,0.0,0.0
45,with_replacement,74,0.0,2.8137492336099935e-11
45,with_replacement,75,0.0,0.0
45,with_replacement,76,0.0,0.0
45,with_replacement,77,0.0,4.033040568174352e-10
45,with_replacement,78,0.0,0.0
45,with_replacement,79,0.0,0.0
45,with_replacement,80,0.0,4.234692596583054e-09
45,with_replacement,81,0.0,0.0
45,with_replacement,82,0.0,3.4724479291980884e-08
45,with_replacement,83,0.0,2.314965286132061e-07
45,with_replacement,84,0.0,0.0
45,with_replacement,85,0.0,1.2897663737021535e-06
45,with_replacement,86,5e-06,6.126390275085226e-06
45,with_replacement,87,2.5e-05,2.518627113090586e-05
45,with_replacement,88,0.0,0.0
45,with_replacement,89,8.7e-05,9.067057607126094e-05
45,with_replacement,90,0.00028,0.0002884972874994664
45,with_replacement,91,0.000834,0.0008174089812484923
45,with_replacement,92,0.002058,0.002074961260092327
45,with_replacement,93,0.004737,0.0047427685944967405
45,with_replacement,94,0.027979,0.02817995006563473
45,with_replacement,95,0.031347,0.03135109534156299
45,with_replacement,96,0.04849,0.048768370531320285
45,with_replacement,97,0.069375,0.06930242128134974
45,with_replacement,98,0.090578,0.0900931476657548
45,with_replacement,99,0.107761,0.10725374722113662
45,with_replacement,100,0.233778,0.23400817575520705
45,with_replacement,101,0.107523,0.10725374722113662
45,with_replacement,102,0.090015,0.09009314766575477
45,with_replacement,103,0.068886,0.06930242128134975
45,with_replacement,104,0.048664,0.048768370531320285
45,with_replacement,105,0.031328,0.03135109534156299
45,with_replacement,106,0.028195,0.02817995006563473
45,with_replacement,107,0.004748,0.00474276859449674
45,with_replacement,108,0.002084,0.002074961260092327
45,with_replacement,109,0.000816,0.000817408981248492
45,with_replacement,110,0.000285,0.0002884972874994665
45,with_replacement,111,9.2e-05,9.067057607126094e-05
45,with_replacement,112,0.0,0.0
45,with_replacement,113,2.4e-05,2.5186271130905856e-05
45,with_replacement,114,5e-06,6.126390275085228e-06
45,with_replacement,115,1e-06,1.2897663737021535e-06
45,with_replacement,116,0.0,0.0
45,with_replacement,117,0.0,2.314965286132061e-07
45,with_replacement,118,0.0,3.472447929198088e-08
45,with_replacement,119,0.0,0.0
45,with_replacement,120,0.0,4.234692596583054e-09
45,with_replacement,121,0.0,0.0
45,with_replacement,122,0.0,0.0
45,with_replacement,123,0.0,4.033040568174352e-10
45,with_replacement,124,0.0,0.0
45,with_replacement,125,0.0,0.0
45,with_replacement,126,0.0,2.8137492336099935e-11
45,with_replacement,127,0.0,0.0
45,with_replacement,128,0.0,0.0
45,with_replacement,129,0.0,0.0
45,with_replacement,130,0.0,1.2789769243681745e-12
45,with_replacement,131,0.0,0.0
45,with_replacement,132,0.0,0.0
45,with_replacement,133,0.0,0.0
45,with_replacement,134,0.0,2.842170943040401e-14
45,with_replacement,135,0.0,0.0
45,with_replacement,136,0.0,0.0
45,with_replacement,137,0.0,0.0
45,with_replacement,138,0.0,0.0
45,with_replacement,139,0.0,0.0
45,with_replacement,140,0.0,0.0
45,with_replacement,141,0.0,0.0
45,with_replacement,142,0.0,0.0
45,with_replacement,143,0.0,0.0
45,with_replacement,144,0.0,0.0
45,with_replacement,145,0.0,0.0
45,without_replacement,55,0.0,0.0
45,without_replacement,56,0.0,0.0
45,without_replacement,57,0.0,0.0
45,without_replacement,58,0.0,0.0
45,without_replacement,59,0.0,0.0
45,without_replacement,60,0.0,0.0
45,without_replacement,61,0.0,0.0
45,without_replacement,62,0.0,0.0
45,without_replacement,63,0.0,0.0
45,without_replacement,64,0.0,0.0
45,without_replacement,65,0.0,0.0
45,without_replacement,66,0.0,3.448027197644228e-23
45,without_replacement,67,0.0,0.0
45,without_replacement,68,0.0,0.0
45,without_replacement,69,0.0,0.0
45,without_replacement,70,0.0,1.2930101991165852e-20
45,without_replacement,71,0.0,0.0
45,without_replacement,72,0.0,0.0
45,without_replacement,73,0.0,0.0
45,without_replacement,74,0.0,1.9912357066395417e-18
45,without_replacement,75,0.0,0.0
45,without_replacement,76,0.0,0.0
45,without_replacement,77,0.0,1.7124627077100055e-16
45,without_replacement,78,0.0,0.0
45,without_replacement,79,0.0,0.0
45,without_replacement,80,0.0,9.39000384727653e-15
45,without_replacement,81,0.0,0.0
45,without_replacement,82,0.0,3.541909451192708e-13
45,without_replacement,83,0.0,9.659753048707383e-12
45,without_replacement,84,0.0,0.0
45,without_replacement,85,0.0,1.973349551378794e-10
45,without_replacement,86,0.0,3.1004357374547588e-09
45,without_replacement,87,0.0,3.8238707428608695e-08
45,without_replacement,88,0.0,0.0
45,without_replacement,89,0.0,3.762688810975096e-07
45,without_replacement,90,4e-06,2.993047917821099e-06
45,without_replacement,91,2e-05,1.9454811465837142e-05
45,without_replacement,92,9.1e-05,0.00010425783580410163
45,without_replacement,93,0.000461,0.0004640649533535951
45,without_replacement,94,0.007211,0.007121076709210916
45,without_replacement,95,0.014087,0.014222536127211888
45,without_replacement,96,0.031897,0.03174305164624102
45,without_replacement,97,0.060352,0.06014472943498299
45,without_replacement,98,0.096896,0.09695330384919258
45,without_replacement,99,0.133737,0.13317761517746235
45,without_replacement,100,0.312001,0.3120929971835481
45,without_replacement,101,0.133286,0.13317761517746235
45,without_replacement,102,0.096913,0.09695330384919258
45,without_replacement,103,0.059777,0.060144729434982995
45,without_replacement,104,0.031572,0.03174305164624102
45,without_replacement,105,0.013901,0.014222536127211884
45,without_replacement,106,0.007191,0.007121076709210916
45,without_replacement,107,0.000484,0.00046406495335359505
45,without_replacement,108,0.0001,0.00010425783580410158
45,without_replacement,109,1.5e-05,1.9454811465837146e-05
45,without_replacement,110,4e-06,2.9930479178210985e-06
45,without_replacement,111,0.0,3.762688810975096e-07
45,without_replacement,112,0.0,0.0
45,without_replacement,113,0.0,3.823870742860869e-08
45,without_replacement,114,0.0,3.100435737454759e-09
45,without_replacement,115,0.0,1.9733495513787946e-10
45,without_replacement,116,0.0,0.0
45,without_replacement,117,0.0,9.659753048707382e-12
45,without_replacement,118,0.0,3.541909451192708e-13
45,without_replacement,119,0.0,0.0
45,without_replacement,120,0.0,9.390003847276531e-15
45,without_replacement,121,0.0,0.0
45,without_replacement,122,0.0,0.0
45,without_replacement,123,0.0,1.7124627077100055e-16
45,without_replacement,124,0.0,0.0
45,without_replacement,125,0.0,0.0
45,without_replacement,126,0.0,1.9912357066395417e-18
45,without_replacement,127,0.0,0.0
45,without_replacement,128,0.0,0.0
45,without_replacement,129,0.0,0.0
45,without_replacement,130,0.0,1.2930101991165854e-20
45,without_replacement,131,0.0,0.0
45,without_replacement,132,0.0,0.0
45,without_replacement,133,0.0,0.0
45,without_replacement,134,0.0,3.448027197644228e-23
45,without_replacement,135,0.0,0.0
45,without_replacement,136,0.0,0.0
45,without_replacement,137,0.0,0.0
45,without_replacement,138,0.0,0.0
45,without_replacement,139,0.0,0.0
45,without_replacement,140,0.0,0.0
45,without_replacement,141,0.0,0.0
45,without_replacement,142,0.0,0.0
45,without_replacement,143,0.0,0.0
45,without_replacement,144,0.0,0.0
45,without_replacement,145,0.0,0.0
50,with_replacement,55,0.0,0.0
50,with_replacement,56,0.0,0.0
50,with_replacement,57,0.0,0.0
50,with_replacement,58,0.0,0.0
50,with_replacement,59,0.0,0.0
50,with_replacement,60,0.0,0.0
50,with_replacement,61,0.0,0.0
50,with_replacement,62,0.0,0.0
50,with_replacement,63,0.0,0.0
50,with_replacement,64,0.0,0.0
50,with_replacement,65,0.0,8.881784197001225e-16
50,with_replacement,66,0.0,0.0
50,with_replacement,67,0.0,0.0
50,with_replacement,68,0.0,0.0
50,with_replacement,69,0.0,4.440892098500617e-14
50,with_replacement,70,0.0,0.0
50,with_replacement,71,0.0,0.0
50,with_replacement,72,0.0,0.0
50,with_replacement,73,0.0,0.0
50,with_replacement,74,0.0,1.0880185641326562e-12
50,with_replacement,75,0.0,0.0
50,with_replacement,76,0.0,0.0
50,with_replacement,77,0.0,1.7408297026122545e-11
50,with_replacement,78,0.0,0.0
50,with_replacement,79,0.0,2.0454749005693812e-10
50,with_replacement,80,0.0,0.0
50,with_replacement,81,0.0,1.8818369085238336e-09
50,with_replacement,82,0.0,1.4113776813928759e-08
50,with_replacement,83,0.0,0.0
50,with_replacement,84,0.0,8.871516854469482e-08
50,with_replacement,85,0.0,4.768440309277364e-07
50,with_replacement,86,2e-06,2.2252721443294427e-06
50,with_replacement,87,8e-06,9.123615791750715e-06
50,with_replacement,88,3.2e-05,3.317678469727518e-05
50,with_replacement,89,0.000127,0.00010782455026614458
50,with_replacement,90,0.000329,0.00031517945462411566
50,with_replacement,91,0.000831,0.0008329742729351619
50,with_replacement,92,0.00201,0.001999138255044387
50,with_replacement,93,0.004288,0.004373114932909585
50,with_replacement,94,0.008761,0.008746229865819168
50,with_replacement,95,0.042858,0.043040657497583804
50,with_replacement,96,0.041813,0.04185914925255223
50,with_replacement,97,0.059708,0.05979878464650316
50,with_replacement,98,0.174732,0.17478735670390916
50,with_replacement,99,0.107715,0.10795689678770862
50,with_replacement,100,0.112405,0.11227517265921712
50,with_replacement,101,0.108385,0.10795689678770864
50,with_replacement,102,0.174867,0.17478735670390916
50,with_replacement,103,0.060242,0.059798784646503046
50,with_replacement,104,0.042001,0.041859149252552075
50,with_replacement,105,0.042769,0.04304065749758387
50,with_replacement,106,0.008558,0.00874622986581917
50,with_replacement,107,0.004324,0.004373114932909585
50,with_replacement,108,0.001955,0.0019991382550443876
50,with_replacement,109,0.000811,0.0008329742729351617
50,with_replacement,110,0.000322,0.00031517945462411566
50,with_replacement,111,0.000115,0.00010782455026614458
50,with_replacement,112,2.8e-05,3.317678469727517e-05
50,with_replacement,113,2e-06,9.123615791750716e-06
50,with_replacement,114,1e-06,2.225272144329443e-06
50,with_replacement,115,1e-06,4.768440309277365e-07
50,with_replacement,116,0.0,8.871516854469482e-08
50,with_replacement,117,0.0,0.0
50,with_replacement,118,0.0,1.4113776813928762e-08
50,with_replacement,119,0.0,1.881836908523833e-09
50,with_replacement,120,0.0,0.0
50,with_replacement,121,0.0,2.0454749005693807e-10
50,with_replacement,122,0.0,0.0
50,with_replacement,123,0.0,1.7408297026122542e-11
50,with_replacement,124,0.0,0.0
50,with_replacement,125,0.0,0.0
50,with_replacement,126,0.0,1.0880185641326562e-12
50,with_replacement,127,0.0,0.0
50,with_replacement,128,0.0,0.0
50,with_replacement,129,0.0,0.0
50,with_replacement,130,0.0,0.0
50,with_replacement,131,0.0,4.440892098500615e-14
50,with_replacement,132,0.0,0.0
50,with_replacement,133,0.0,0.0
50,with_replacement,134,0.0,0.0
50,with_replacement,135,0.0,8.881784197001252e-16
50,with_replacement,136,0.0,0.0
50,with_replacement,137,0.0,0.0
50,with_replacement,138,0.0,0.0
50,with_replacement,139,0.0,0.0
50,with_replacement,140,0.0,0.0
50,with_replacement,141,0.0,0.0
50,with_replacement,142,0.0,0.0
50,with_replacement,143,0.0,0.0
50,with_replacement,144,0.0,0.0
50,with_replacement,145,0.0,0.0
50,without_replacement,55,0.0,0.0
50,without_replacement,56,0.0,0.0
50,without_replacement,57,0.0,0.0
50,without_replacement,58,0.0,0.0
50,without_replacement,59,0.0,0.0
50,without_replacement,60,0.0,0.0
50,without_replacement,61,0.0,0.0
50,without_replacement,62,0.0,0.0
50,without_replacement,63,0.0,0.0
50,without_replacement,64,0.0,0.0
50,without_replacement,65,0.0,9.911653021418337e-30
50,without_replacement,66,0.0,0.0
50,without_replacement,67,0.0,0.0
50,without_replacement,68,0.0,0.0
50,without_replacement,69,0.0,2.477913255354584e-26
50,without_replacement,70,0.0,0.0
50,without_replacement,71,0.0,0.0
50,without_replacement,72,0.0,0.0
50,without_replacement,73,0.0,0.0
50,without_replacement,74,0.0,1.4873674315265894e-23
50,without_replacement,75,0.0,0.0
50,without_replacement,76,0.0,0.0
50,without_replacement,77,0.0,3.807660624708069e-21
50,without_replacement,78,0.0,0.0
50,without_replacement,79,0.0,5.256951449987576e-19
50,without_replacement,80,0.0,0.0
50,without_replacement,81,0.0,4.4494837072694855e-17
50,without_replacement,82,0.0,2.502834585339085e-15
50,without_replacement,83,0.0,0.0
50,without_replacement,84,0.0,9.88875052493157e-14
50,without_replacement,85,0.0,2.8569218313435113e-12
50,without_replacement,86,0.0,6.22174087714809e-11
50,without_replacement,87,0.0,1.045874641448594e-09
50,without_replacement,88,0.0,1.3829747324940089e-08
50,without_replacement,89,0.0,1.4607670611967965e-07
50,without_replacement,90,2e-06,1.248134696075843e-06
50,without_replacement,91,1e-05,8.717838770039941e-06
50,without_replacement,92,5.1e-05,5.0214751315430074e-05
50,without_replacement,93,0.000238,0.0002402854310992259
50,without_replacement,94,0.000901,0.0009611417243969039
50,without_replacement,95,0.012317,0.01239403938773893
50,without_replacement,96,0.021866,0.022015393458584692
50,without_replacement,97,0.045404,0.044929374405274884
50,without_replacement,98,0.193239,0.19377157074653528
50,without_replacement,99,0.146505,0.14643552252341938
50,without_replacement,100,0.158922,0.1583846611613304
50,without_replacement,101,0.14685,0.14643552252341938
50,without_replacement,102,0.193302,0.19377157074653523
50,without_replacement,103,0.044802,0.0449293744052749
50,without_replacement,104,0.021889,0.022015393458584692
50,without_replacement,105,0.012435,0.01239403938773893
50,without_replacement,106,0.00095,0.0009611417243969039
50,without_replacement,107,0.000252,0.00024028543109922597
50,without_replacement,108,5.9e-05,5.0214751315430074e-05
50,without_replacement,109,3e-06,8.717838770039941e-06
50,without_replacement,110,3e-06,1.248134696075843e-06
50,without_replacement,111,0.0,1.4607670611967968e-07
50,without_replacement,112,0.0,1.3829747324940085e-08
50,without_replacement,113,0.0,1.0458746414485943e-09
50,without_replacement,114,0.0,6.22174087714809e-11
50,without_replacement,115,0.0,2.8569218313435105e-12
50,without_replacement,116,0.0,9.888750524931567e-14
50,without_replacement,117,0.0,0.0
50,without_replacement,118,0.0,2.5028345853390852e-15
50,without_replacement,119,0.0,4.4494837072694855e-17
50,without_replacement,120,0.0,0.0
50,without_replacement,121,0.0,5.256951449987577e-19
50,without_replacement,122,0.0,0.0
50,without_replacement,123,0.0,3.807660624708069e-21
50,without_replacement,124,0.0,0.0
50,without_replacement,125,0.0,0.0
50,without_replacement,126,0.0,1.4873674315265894e-23
50,without_replacement,127,0.0,0.0
50,without_replacement,128,0.0,0.0
50,without_replacement,129,0.0,0.0
50,without_replacement,130,0.0,0.0
50,without_replacement,131,0.0,2.477913255354584e-26
50,without_replacement,132,0.0,0.0
50,without_replacement,133,0.0,0.0
50,without_replacement,134,0.0,0.0
50,without_replacement,135,0.0,9.911653021418337e-30
50,without_replacement,136,0.0,0.0
50,without_replacement,137,0.0,0.0
50,without_replacement,138,0.0,0.0
50,without_replacement,139,0.0,0.0
50,without_replacement,140,0.0,0.0
50,without_replacement,141,0.0,0.0
50,without_replacement,142,0.0,0.0
50,without_replacement,143,0.0,0.0
50,without_replacement,144,0.0,0.0
50,without_replacement,145,0.0,0.0
55,with_replacement,55,0.0,0.0
55,with_replacement,56,0.0,0.0
55,with_replacement,57,0.0,0.0
55,with_replacement,58,0.0,0.0
55,with_replacement,59,0.0,0.0
55,with_replacement,60,0.0,0.0
55,with_replacement,61,0.0,0.0
55,with_replacement,62,0.0,0.0
55,with_replacement,63,0.0,0.0
55,with_replacement,64,0.0,0.0
55,with_replacement,65,0.0,2.7755575615628907e-17
55,with_replacement,66,0.0,0.0
55,with_replacement,67,0.0,0.0
55,with_replacement,68,0.0,0.0
55,with_replacement,69,0.0,1.5265566588595906e-15
55,with_replacement,70,0.0,0.0
55,with_replacement,71,0.0,0.0
55,with_replacement,72,0.0,0.0
55,with_replacement,73,0.0,4.1217029789208754e-14
55,with_replacement,74,0.0,0.0
55,with_replacement,75,0.0,0.0
55,with_replacement,76,0.0,7.28167526276019e-13
55,with_replacement,77,0.0,0.0
55,with_replacement,78,0.0,9.46617784158831e-12
55,with_replacement,79,0.0,0.0
55,with_replacement,80,0.0,9.655501398420087e-11
55,with_replacement,81,0.0,0.0
55,with_replacement,82,0.0,8.046251165350058e-10
55,with_replacement,83,0.0,5.632375815745041e-09
55,with_replacement,84,0.0,3.37942548944702e-08
55,with_replacement,85,0.0,1.764811088933445e-07
55,with_replacement,86,0.0,8.11813100909385e-07
55,with_replacement,87,2e-06,3.3210535946293076e-06
55,with_replacement,88,1.5e-05,1.2177196513640788e-05
55,with_replacement,89,4.2e-05,4.027841923742724e-05
55,with_replacement,90,0.000126,0.00012083525771228198
55,with_replacement,91,0.000338,0.0003302830377469035
55,with_replacement,92,0.000851,0.0008257075943672594
55,with_replacement,93,0.005976,0.005893285575483971
55,with_replacement,94,0.007901,0.007787555939032384
55,with_replacement,95,0.037569,0.037380268507355374
55,with_replacement,96,0.035835,0.036105941171877425
55,with_replacement,97,0.051641,0.05180417646399802
55,with_replacement,98,0.155607,0.1547218070391409
55,with_replacement,99,0.099255,0.09882642894670376
55,with_replacement,100,0.211696,0.21229381032995667
55,with_replacement,101,0.098514,0.09882642894670375
55,with_replacement,102,0.154418,0.1547218070391409
55,with_replacement,103,0.05163,0.05180417646399798
55,with_replacement,104,0.036203,0.036105941171877425
55,with_replacement,105,0.037425,0.0373802685073554
55,with_replacement,106,0.007767,0.007787555939032383
55,with_replacement,107,0.00583,0.005893285575483971
55,with_replacement,108,0.000826,0.0008257075943672594
55,with_replacement,109,0.000342,0.0003302830377469035
55,with_replacement,110,0.000146,0.00012083525771228198
55,with_replacement,111,3.4e-05,4.027841923742724e-05
55,with_replacement,112,7e-06,1.217719651364079e-05
55,with_replacement,113,3e-06,3.3210535946293076e-06
55,with_replacement,114,1e-06,8.11813100909385e-07
55,with_replacement,115,0.0,1.7648110889334445e-07
55,with_replacement,116,0.0,3.37942548944702e-08
55,with_replacement,117,0.0,5.632375815745042e-09
55,with_replacement,118,0.0,8.046251165350058e-10
55,with_replacement,119,0.0,0.0
55,with_replacement,120,0.0,9.655501398420085e-11
55,with_replacement,121,0.0,0.0
55,with_replacement,122,0.0,9.46617784158831e-12
55,with_replacement,123,0.0,0.0
55,with_replacement,124,0.0,7.28167526276019e-13
55,with_replacement,125,0.0,0.0
55,with_replacement,126,0.0,0.0
55,with_replacement,127,0.0,4.1217029789208754e-14
55,with_replacement,128,0.0,0.0
55,with_replacement,129,0.0,0.0
55,with_replacement,130,0.0,0.0
55,with_replacement,131,0.0,1.5265566588595904e-15
55,with_replacement,132,0.0,0.0
55,with_replacement,133,0.0,0.0
55,with_replacement,134,0.0,0.0
55,with_replacement,135,0.0,2.7755575615628914e-17
55,with_replacement,136,0.0,0.0
55,with_replacement,137,0.0,0.0
55,with_replacement,138,0.0,0.0
55,with_replacement,139,0.0,0.0
55,with_replacement,140,0.0,0.0
55,with_replacement,141,0.0,0.0
55,with_replacement,142,0.0,0.0
55,with_replacement,143,0.0,0.0
55,with_replacement,144,0.0,0.0
55,with_replacement,145,0.0,0.0
55,without_replacement,55,0.0,0.0
55,without_replacement,56,0.0,0.0
55,without_replacement,57,0.0,0.0
55,without_replacement,58,0.0,0.0
55,without_replacement,59,0.0,0.0
55,without_replacement,60,0.0,0.0
55,without_replacement,61,0.0,0.0
55,without_replacement,62,0.0,0.0
55,without_replacement,63,0.0,0.0
55,without_replacement,64,0.0,0.0
55,without_replacement,65,0.0,0.0
55,without_replacement,66,0.0,0.0
55,without_replacement,67,0.0,0.0
55,without_replacement,68,0.0,0.0
55,without_replacement,69,0.0,0.0
55,without_replacement,70,0.0,0.0
55,without_replacement,71,0.0,0.0
55,without_replacement,72,0.0,0.0
55,without_replacement,73,0.0,0.0
55,without_replacement,74,0.0,0.0
55,without_replacement,75,0.0,0.0
55,without_replacement,76,0.0,0.0
55,without_replacement,77,0.0,0.0
55,without_replacement,78,0.0,0.0
55,without_replacement,79,0.0,0.0
55,without_replacement,80,0.0,3.448027197644228e-23
55,without_replacement,81,0.0,0.0
55,without_replacement,82,0.0,1.2930101991165855e-20
55,without_replacement,83,0.0,1.991235706639542e-18
55,without_replacement,84,0.0,1.7124627077100058e-16
55,without_replacement,85,0.0,9.390003847276531e-15
55,without_replacement,86,0.0,3.541909451192708e-13
55,without_replacement,87,0.0,9.659753048707387e-12
55,without_replacement,88,0.0,1.973349551378794e-10
55,without_replacement,89,0.0,3.1004357374547596e-09
55,without_replacement,90,0.0,3.8238707428608695e-08
55,without_replacement,91,0.0,3.762688810975096e-07
55,without_replacement,92,2e-06,2.993047917821099e-06
55,without_replacement,93,0.000129,0.00012371264726993876
55,without_replacement,94,0.000456,0.0004640649533535952
55,without_replacement,95,0.007149,0.007121076709210918
55,without_replacement,96,0.014022,0.01422253612721189
55,without_replacement,97,0.03188,0.03174305164624103
55,without_replacement,98,0.156909,0.1570980332841756
55,without_replacement,99,0.133395,0.13317761517746235
55,without_replacement,100,0.31191,0.3120929971835481
55,without_replacement,101,0.133697,0.13317761517746238
55,without_replacement,102,0.156801,0.1570980332841756
55,without_replacement,103,0.031764,0.031743051646241034
55,without_replacement,104,0.014222,0.014222536127211888
55,without_replacement,105,0.007041,0.007121076709210918
55,without_replacement,106,0.000483,0.00046406495335359516
55,without_replacement,107,0.000135,0.0001237126472699388
55,without_replacement,108,4e-06,2.993047917821099e-06
55,without_replacement,109,1e-06,3.762688810975096e-07
55,without_replacement,110,0.0,3.82387074286087e-08
55,without_replacement,111,0.0,3.1004357374547588e-09
55,without_replacement,112,0.0,1.9733495513787943e-10
55,without_replacement,113,0.0,9.659753048707385e-12
55,without_replacement,114,0.0,3.541909451192708e-13
55,without_replacement,115,0.0,9.390003847276531e-15
55,without_replacement,116,0.0,1.7124627077100055e-16
55,without_replacement,117,0.0,1.9912357066395417e-18
55,without_replacement,118,0.0,1.2930101991165855e-20
55,without_replacement,119,0.0,0.0
55,without_replacement,120,0.0,3.448027197644228e-23
55,without_replacement,121,0.0,0.0
55,without_replacement,122,0.0,0.0
55,without_replacement,123,0.0,0.0
55,without_replacement,124,0.0,0.0
55,without_replacement,125,0.0,0.0
55,without_replacement,126,0.0,0.0
55,without_replacement,127,0.0,0.0
55,without_replacement,128,0.0,0.0
55,without_replacement,129,0.0,0.0
55,without_replacement,130,0.0,0.0
55,without_replacement,131,0.0,0.0
55,without_replacement,132,0.0,0.0
55,without_replacement,133,0.0,0.0
55,without_replacement,134,0.0,0.0
55,without_replacement,135,0.0,0.0
55,without_replacement,136,0.0,0.0
55,without_replacement,137,0.0,0.0
55,without_replacement,138,0.0,0.0
55,without_replacement,139,0.0,0.0
55,without_replacement,140,0.0,0.0
55,without_replacement,141,0.0,0.0
55,without_replacement,142,0.0,0.0
55,without_replacement,143,0.0,0.0
55,without_replacement,144,0.0,0.0
55,without_replacement,145,0.0,0.0
60,with_replacement,55,0.0,0.0
60,with_replacement,56,0.0,0.0
60,with_replacement,57,0.0,0.0
60,with_replacement,58,0.0,0.0
60,with_replacement,59,0.0,0.0
60,with_replacement,60,0.0,0.0
60,with_replacement,61,0.0,0.0
60,with_replacement,62,0.0,0.0
60,with_replacement,63,0.0,0.0
60,with_replacement,64,0.0,8.67361737988404e-19
60,with_replacement,65,0.0,0.0
60,with_replacement,66,0.0,0.0
60,with_replacement,67,0.0,0.0
60,with_replacement,68,0.0,5.2041704279304564e-17
60,with_replacement,69,0.0,0.0
60,with_replacement,70,0.0,0.0
60,with_replacement,71,0.0,0.0
60,with_replacement,72,0.0,1.5352302762394693e-15
60,with_replacement,73,0.0,0.0
60,with_replacement,74,0.0,0.0
60,with_replacement,75,0.0,2.968111867396334e-14
60,with_replacement,76,0.0,0.0
60,with_replacement,77,0.0,4.229559411039763e-13
60,with_replacement,78,0.0,0.0
60,with_replacement,79,0.0,4.7371065403645146e-12
60,with_replacement,80,0.0,0.0
60,with_replacement,81,0.0,4.342347662000796e-11
60,with_replacement,82,0.0,3.349811053543496e-10
60,with_replacement,83,0.0,2.2192498229725643e-09
60,with_replacement,84,0.0,1.2822332310508162e-08
60,with_replacement,85,0.0,6.539389478359125e-08
60,with_replacement,86,0.0,2.972449762890519e-07
60,with_replacement,87,1e-06,1.2137503198469637e-06
60,with_replacement,88,1e-06,4.481539642511839e-06
60,with_replacement,89,1.5e-05,1.504516879986118e-05
60,with_replacement,90,4.2e-05,4.6138517652907855e-05
60,with_replacement,91,0.000499,0.00046562584910747053
60,with_replacement,92,0.000817,0.0008023352518318147
60,with_replacement,93,0.001789,0.0017735831882597964
60,with_replacement,94,0.010603,0.010561265604375638
60,with_replacement,95,0.012204,0.012276881030421745
60,with_replacement,96,0.051628,0.051554004037169615
60,with_replacement,97,0.106001,0.10564605135001535
60,with_replacement,98,0.076712,0.07633199824318057
60,with_replacement,99,0.188395,0.18923191190088912
60,with_replacement,100,0.102403,0.1025781730085695
60,with_replacement,101,0.188869,0.18923191190088912
60,with_replacement,102,0.076789,0.07633199824318057
60,with_replacement,103,0.105739,0.10564605135001534
60,with_replacement,104,0.051505,0.05155400403716959
60,with_replacement,105,0.012261,0.012276881030421743
60,with_replacement,106,0.010597,0.01056126560437564
60,with_replacement,107,0.001804,0.0017735831882597967
60,with_replacement,108,0.000796,0.000802335251831815
60,with_replacement,109,0.000457,0.00046562584910747064
60,with_replacement,110,4.8e-05,4.6138517652907855e-05
60,with_replacement,111,2e-05,1.504516879986118e-05
60,with_replacement,112,3e-06,4.481539642511838e-06
60,with_replacement,113,2e-06,1.213750319846964e-06
60,with_replacement,114,0.0,2.972449762890519e-07
60,with_replacement,115,0.0,6.539389478359125e-08
60,with_replacement,116,0.0,1.2822332310508166e-08
60,with_replacement,117,0.0,2.219249822972564e-09
60,with_replacement,118,0.0,3.349811053543496e-10
60,with_replacement,119,0.0,4.3423476620007975e-11
60,with_replacement,120,0.0,0.0
60,with_replacement,121,0.0,4.737106540364515e-12
60,with_replacement,122,0.0,0.0
60,with_replacement,123,0.0,4.2295594110397643e-13
60,with_replacement,124,0.0,0.0
60,with_replacement,125,0.0,2.968111867396334e-14
60,with_replacement,126,0.0,0.0
60,with_replacement,127,0.0,0.0
60,with_replacement,128,0.0,1.5352302762394695e-15
60,with_replacement,129,0.0,0.0
60,with_replacement,130,0.0,0.0
60,with_replacement,131,0.0,0.0
60,with_replacement,132,0.0,5.2041704279304564e-17
60,with_replacement,133,0.0,0.0
60,with_replacement,134,0.0,0.0
60,with_replacement,135,0.0,0.0
60,with_replacement,136,0.0,8.673617379884035e-19
60,with_replacement,137,0.0,0.0
60,with_replacement,138,0.0,0.0
60,with_replacement,139,0.0,0.0
60,with_replacement,140,0.0,0.0
60,with_replacement,141,0.0,0.0
60,with_replacement,142,0.0,0.0
60,with_replacement,143,0.0,0.0
60,with_replacement,144,0.0,0.0
60,with_replacement,145,0.0,0.0
60,without_replacement,55,0.0,0.0
60,without_replacement,56,0.0,0.0
60,without_replacement,57,0.0,0.0
60,without_replacement,58,0.0,0.0
60,without_replacement,59,0.0,0.0
60,without_replacement,60,0.0,0.0
60,without_replacement,61,0.0,0.0
60,without_replacement,62,0.0,0.0
60,without_replacement,63,0.0,0.0
60,without_replacement,64,0.0,0.0
60,without_replacement,65,0.0,0.0
60,without_replacement,66,0.0,0.0
60,without_replacement,67,0.0,0.0
60,without_replacement,68,0.0,0.0
60,without_replacement,69,0.0,0.0
60,without_replacement,70,0.0,0.0
60,without_replacement,71,0.0,0.0
60,without_replacement,72,0.0,0.0
60,without_replacement,73,0.0,0.0
60,without_replacement,74,0.0,0.0
60,without_replacement,75,0.0,0.0
60,without_replacement,76,0.0,0.0
60,without_replacement,77,0.0,0.0
60,without_replacement,78,0.0,0.0
60,without_replacement,79,0.0,0.0
60,without_replacement,80,0.0,0.0
60,without_replacement,81,0.0,0.0
60,without_replacement,82,0.0,0.0
60,without_replacement,83,0.0,0.0
60,without_replacement,84,0.0,0.0
60,without_replacement,85,0.0,7.472794411214414e-19
60,without_replacement,86,0.0,1.358689892948075e-16
60,without_replacement,87,0.0,1.0818568272599048e-14
60,without_replacement,88,0.0,5.059761161338631e-13
60,without_replacement,89,0.0,1.571236546351407e-11
60,without_replacement,90,0.0,3.469290294343907e-10
60,without_replacement,91,0.0,7.724591671000106e-08
60,without_replacement,92,0.0,7.051061484949746e-07
60,without_replacement,93,4e-06,5.541886921504361e-06
60,without_replacement,94,0.000218,0.00021817293235322626
60,without_replacement,95,0.000777,0.0007837926005066353
60,without_replacement,96,0.010979,0.011081883674387293
60,without_replacement,97,0.064116,0.06423552859240611
60,without_replacement,98,0.077367,0.07739886395504653
60,without_replacement,99,0.26647,0.2654837556033035
60,without_replacement,100,0.161642,0.1615833560797031
60,without_replacement,101,0.26464,0.2654837556033035
60,without_replacement,102,0.077453,0.07739886395504653
60,without_replacement,103,0.064326,0.06423552859240611
60,without_replacement,104,0.010972,0.011081883674387292
60,without_replacement,105,0.000809,0.0007837926005066351
60,without_replacement,106,0.000219,0.00021817293235322626
60,without_replacement,107,7e-06,5.541886921504362e-06
60,without_replacement,108,1e-06,7.051061484949744e-07
60,without_replacement,109,0.0,7.724591671000106e-08
60,without_replacement,110,0.0,3.4692902943439073e-10
60,without_replacement,111,0.0,1.5712365463514073e-11
60,without_replacement,112,0.0,5.059761161338632e-13
60,without_replacement,113,0.0,1.0818568272599048e-14
60,without_replacement,114,0.0,1.3586898929480752e-16
60,without_replacement,115,0.0,7.472794411214414e-19
60,without_replacement,116,0.0,0.0
60,without_replacement,117,0.0,0.0
60,without_replacement,118,0.0,0.0
60,without_replacement,119,0.0,0.0
60,without_replacement,120,0.0,0.0
60,without_replacement,121,0.0,0.0
60,without_replacement,122,0.0,0.0
60,without_replacement,123,0.0,0.0
60,without_replacement,124,0.0,0.0
60,without_replacement,125,0.0,0.0
60,without_replacement,126,0.0,0.0
60,without_replacement,127,0.0,0.0
60,without_replacement,128,0.0,0.0
60,without_replacement,129,0.0,0.0
60,without_replacement,130,0.0,0.0
60,without_replacement,131,0.0,0.0
60,without_replacement,132,0.0,0.0
60,without_replacement,133,0.0,0.0
60,without_replacement,134,0.0,0.0
60,without_replacement,135,0.0,0.0
60,without_replacement,136,0.0,0.0
60,without_replacement,137,0.0,0.0
60,without_replacement,138,0.0,0.0
60,without_replacement,139,0.0,0.0
60,without_replacement,140,0.0,0.0
60,without_replacement,141,0.0,0.0
60,without_replacement,142,0.0,0.0
60,without_replacement,143,0.0,0.0
60,without_replacement,144,0.0,0.0
60,without_replacement,145,0.0,0.0
75,with_replacement,55,0.0,0.0
75,with_replacement,56,0.0,0.0
75,with_replacement,57,0.0,0.0
75,with_replacement,58,0.0,0.0
75,with_replacement,59,0.0,0.0
75,with_replacement,60,0.0,0.0
75,with_replacement,61,0.0,0.0
75,with_replacement,62,0.0,0.0
75,with_replacement,63,0.0,2.646977960169683e-23
75,with_replacement,64,0.0,0.0
75,with_replacement,65,0.0,0.0
75,with_replacement,66,0.0,0.0
75,with_replacement,67,0.0,1.9852334701272724e-21
75,with_replacement,68,0.0,0.0
75,with_replacement,69,0.0,0.0
75,with_replacement,70,0.0,0.0
75,with_replacement,71,0.0,7.345363839470963e-20
75,with_replacement,72,0.0,0.0
75,with_replacement,73,0.0,0.0
75,with_replacement,74,0.0,1.7873718676045795e-18
75,with_replacement,75,0.0,0.0
75,with_replacement,76,0.0,3.2172693616882165e-17
75,with_replacement,77,0.0,4.568522493597315e-16
75,with_replacement,78,0.0,0.0
75,with_replacement,79,0.0,5.329942909196891e-15
75,with_replacement,80,0.0,5.253800867636887e-14
75,with_replacement,81,0.0,4.465730737491381e-13
75,with_replacement,82,0.0,3.324488437910245e-12
75,with_replacement,83,0.0,2.1941623690207536e-11
75,with_replacement,84,0.0,1.2965504907850003e-10
75,with_replacement,85,0.0,6.914935950853325e-10
75,with_replacement,86,0.0,3.351084345413526e-09
75,with_replacement,87,0.0,7.5191949693279e-08
75,with_replacement,88,0.0,2.263178748991786e-07
75,with_replacement,89,7e-06,3.316370428261145e-06
75,with_replacement,90,7e-06,7.592742822597887e-06
75,with_replacement,91,8.7e-05,7.69397939356588e-05
75,with_replacement,92,0.000467,0.0004516031383179958
75,with_replacement,93,0.000713,0.0006823564962743399
75,with_replacement,94,0.004156,0.004068944276245155
75,with_replacement,95,0.012998,0.013186393487831575
75,with_replacement,96,0.034273,0.03419368242361829
75,with_replacement,97,0.071364,0.07135173650896157
75,with_replacement,98,0.120593,0.1203186145053077
75,with_replacement,99,0.164029,0.16443543982392053
75,with_replacement,100,0.182682,0.1824461494490156
75,with_replacement,101,0.16464,0.16443543982392053
75,with_replacement,102,0.120146,0.1203186145053077
75,with_replacement,103,0.071025,0.07135173650896157
75,with_replacement,104,0.034225,0.03419368242361829
75,with_replacement,105,0.013253,0.013186393487831575
75,with_replacement,106,0.004089,0.004068944276245155
75,with_replacement,107,0.000729,0.00068235649627434
75,with_replacement,108,0.000445,0.0004516031383179957
75,with_replacement,109,6.6e-05,7.69397939356588e-05
75,with_replacement,110,3e-06,7.5927428225978865e-06
75,with_replacement,111,2e-06,3.316370428261145e-06
75,with_replacement,112,1e-06,2.263178748991786e-07
75,with_replacement,113,0.0,7.5191949693279e-08
75,with_replacement,114,0.0,3.351084345413526e-09
75,with_replacement,115,0.0,6.914935950853325e-10
75,with_replacement,116,0.0,1.2965504907850003e-10
75,with_replacement,117,0.0,2.1941623690207533e-11
75,with_replacement,118,0.0,3.324488437910245e-12
75,with_replacement,119,0.0,4.465730737491381e-13
75,with_replacement,120,0.0,5.253800867636887e-14
75,with_replacement,121,0.0,5.329942909196891e-15
75,with_replacement,122,0.0,0.0
75,with_replacement,123,0.0,4.568522493597315e-16
75,with_replacement,124,0.0,3.2172693616882165e-17
75,with_replacement,125,0.0,0.0
75,with_replacement,126,0.0,1.7873718676045795e-18
75,with_replacement,127,0.0,0.0
75,with_replacement,128,0.0,0.0
75,with_replacement,129,0.0,7.345363839470962e-20
75,with_replacement,130,0.0,0.0
75,with_replacement,131,0.0,0.0
75,with_replacement,132,0.0,0.0
75,with_replacement,133,0.0,1.985233470127272e-21
75,with_replacement,134,0.0,0.0
75,with_replacement,135,0.0,0.0
75,with_replacement,136,0.0,0.0
75,with_replacement,137,0.0,2.6469779601696886e-23
75,with_replacement,138,0.0,0.0
75,with_replacement,139,0.0,0.0
75,with_replacement,140,0.0,0.0
75,with_replacement,141,0.0,0.0
75,with_replacement,142,0.0,0.0
75,with_replacement,143,0.0,0.0
75,with_replacement,144,0.0,0.0
75,with_replacement,145,0.0,0.0
75,without_replacement,55,0.0,0.0
75,without_replacement,56,0.0,0.0
75,without_replacement,57,0.0,0.0
75,without_replacement,58,0.0,0.0
75,without_replacement,59,0.0,0.0
75,without_replacement,60,0.0,0.0
75,without_replacement,61,0.0,0.0
75,without_replacement,62,0.0,0.0
75,without_replacement,63,0.0,0.0
75,without_replacement,64,0.0,0.0
75,without_replacement,65,0.0,0.0
75,without_replacement,66,0.0,0.0
75,without_replacement,67,0.0,0.0
75,without_replacement,68,0.0,0.0
75,without_replacement,69,0.0,0.0
75,without_replacement,70,0.0,0.0
75,without_replacement,71,0.0,0.0
75,without_replacement,72,0.0,0.0
75,without_replacement,73,0.0,0.0
75,without_replacement,74,0.0,0.0
75,without_replacement,75,0.0,0.0
75,without_replacement,76,0.0,0.0
75,without_replacement,77,0.0,0.0
75,without_replacement,78,0.0,0.0
75,without_replacement,79,0.0,0.0
75,without_replacement,80,0.0,0.0
75,without_replacement,81,0.0,0.0
75,without_replacement,82,0.0,0.0
75,without_replacement,83,0.0,0.0
75,without_replacement,84,0.0,0.0
75,without_replacement,85,0.0,0.0
75,without_replacement,86,0.0,0.0
75,without_replacement,87,0.0,0.0
75,without_replacement,88,0.0,0.0
75,without_replacement,89,0.0,0.0
75,without_replacement,90,0.0,0.0
75,without_replacement,91,0.0,0.0
75,without_replacement,92,0.0,0.0
75,without_replacement,93,0.0,0.0
75,without_replacement,94,0.0,2.558082751695055e-08
75,without_replacement,95,9e-06,7.718353130114388e-06
75,without_replacement,96,0.000497,0.0004756776675738176
75,without_replacement,97,0.009381,0.009427859598928261
75,without_replacement,98,0.072683,0.07266567256909798
75,without_replacement,99,0.239303,0.23978791151771195
75,without_replacement,100,0.355133,0.3552702694254606
75,without_replacement,101,0.24037,0.23978791151771195
75,without_replacement,102,0.07265,0.072665672569098
75,without_replacement,103,0.009471,0.009427859598928261
75,without_replacement,104,0.000494,0.00047567766757381755
75,without_replacement,105,9e-06,7.71835313011439e-06
75,without_replacement,106,0.0,2.558082751695055e-08
75,without_replacement,107,0.0,0.0
75,without_replacement,108,0.0,0.0
75,without_replacement,109,0.0,0.0
75,without_replacement,110,0.0,0.0
75,without_replacement,111,0.0,0.0
75,without_replacement,112,0.0,0.0
75,without_replacement,113,0.0,0.0
75,without_replacement,114,0.0,0.0
75,without_replacement,115,0.0,0.0
75,without_replacement,116,0.0,0.0
75,without_replacement,117,0.0,0.0
75,without_replacement,118,0.0,0.0
75,without_replacement,119,0.0,0.0
75,without_replacement,120,0.0,0.0
75,without_replacement,121,0.0,0.0
75,without_replacement,122,0.0,0.0
75,without_replacement,123,0.0,0.0
75,without_replacement,124,0.0,0.0
75,without_replacement,125,0.0,0.0
75,without_replacement,126,0.0,0.0
75,without_replacement,127,0.0,0.0
75,without_replacement,128,0.0,0.0
75,without_replacement,129,0.0,0.0
75,without_replacement,130,0.0,0.0
75,without_replacement,131,0.0,0.0
75,without_replacement,132,0.0,0.0
75,without_replacement,133,0.0,0.0
75,without_replacement,134,0.0,0.0
75,without_replacement,135,0.0,0.0
75,without_replacement,136,0.0,0.0
75,without_replacement,137,0.0,0.0
75,without_replacement,138,0.0,0.0
75,without_replacement,139,0.0,0.0
75,without_replacement,140,0.0,0.0
75,without_replacement,141,0.0,0.0
75,without_replacement,142,0.0,0.0
75,without_replacement,143,0.0,0.0
75,without_replacement,144,0.0,0.0
75,without_replacement,145,0.0,0.0
100,with_replacement,55,0.0,0.0
100,with_replacement,56,0.0,0.0
100,with_replacement,57,0.0,0.0
100,with_replacement,58,0.0,0.0
100,with_replacement,59,0.0,0.0
100,with_replacement,60,0.0,0.0
100,with_replacement,61,0.0,7.888609052210195e-31
100,with_replacement,62,0.0,0.0
100,with_replacement,63,0.0,0.0
100,with_replacement,64,0.0,0.0
100,with_replacement,65,0.0,7.888609052210033e-29
100,with_replacement,66,0.0,0.0
100,with_replacement,67,0.0,0.0
100,with_replacement,68,0.0,0.0
100,with_replacement,69,0.0,3.904861480844e-27
100,with_replacement,70,0.0,0.0
100,with_replacement,71,0.0,0.0
100,with_replacement,72,0.0,1.2755880837423788e-25
100,with_replacement,73,0.0,0.0
100,with_replacement,74,0.0,3.0933011030753035e-24
100,with_replacement,75,0.0,5.93913811790456e-23
100,with_replacement,76,0.0,0.0
100,with_replacement,77,0.0,9.403635353348678e-22
100,with_replacement,78,0.0,1.2627738903068486e-20
100,with_replacement,79,0.0,1.4679746474816943e-19
100,with_replacement,80,0.0,1.5005963063146147e-18
100,with_replacement,81,0.0,1.3655426387463141e-17
100,with_replacement,82,0.0,9.403623171366697e-16
100,with_replacement,83,0.0,5.609228993004058e-15
100,with_replacement,84,0.0,2.3470616743584137e-13
100,with_replacement,85,0.0,1.0616968341311874e-12
100,with_replacement,86,0.0,2.943606516591161e-11
100,with_replacement,87,0.0,5.272154197873558e-10
100,with_replacement,88,0.0,7.394709784030457e-09
100,with_replacement,89,1e-06,8.25474668282531e-08
100,with_replacement,90,0.0,7.431811936599073e-07
100,with_replacement,91,5e-06,5.455893683614363e-06
100,with_replacement,92,3.4e-05,3.296112321962888e-05
100,with_replacement,93,0.0004,0.0003976092202282167
100,with_replacement,94,0.001289,0.0013219609430288842
100,with_replacement,95,0.008659,0.008730546977440776
100,with_replacement,96,0.018054,0.01795459898156456
100,with_replacement,97,0.068192,0.06822998542733073
100,with_replacement,98,0.1451,0.14538525455582446
100,with_replacement,99,0.140336,0.1401175103976876
100,with_replacement,100,0.235294,0.23564656559733319
100,with_replacement,101,0.139221,0.14011751039768763
100,with_replacement,102,0.146458,0.1453852545558245
100,with_replacement,103,0.06846,0.0682299854273307
100,with_replacement,104,0.017872,0.017954598981564523
100,with_replacement,105,0.008861,0.008730546977440778
100,with_replacement,106,0.001354,0.0013219609430288842
100,with_replacement,107,0.000371,0.0003976092202282166
100,with_replacement,108,3.6e-05,3.2961123219628875e-05
100,with_replacement,109,2e-06,5.455893683614363e-06
100,with_replacement,110,1e-06,7.431811936599073e-07
100,with_replacement,111,0.0,8.25474668282531e-08
100,with_replacement,112,0.0,7.394709784030457e-09
100,with_replacement,113,0.0,5.272154197873558e-10
100,with_replacement,114,0.0,2.943606516591161e-11
100,with_replacement,115,0.0,1.0616968341311874e-12
100,with_replacement,116,0.0,2.347061674358414e-13
100,with_replacement,117,0.0,5.609228993004059e-15
100,with_replacement,118,0.0,9.403623171366695e-16
100,with_replacement,119,0.0,1.3655426387463142e-17
100,with_replacement,120,0.0,1.5005963063146145e-18
100,with_replacement,121,0.0,1.4679746474816943e-19
100,with_replacement,122,0.0,1.2627738903068486e-20
100,with_replacement,123,0.0,9.403635353348678e-22
100,with_replacement,124,0.0,0.0
100,with_replacement,125,0.0,5.939138117904561e-23
100,with_replacement,126,0.0,3.0933011030753035e-24
100,with_replacement,127,0.0,0.0
100,with_replacement,128,0.0,1.2755880837423786e-25
100,with_replacement,129,0.0,0.0
100,with_replacement,130,0.0,0.0
100,with_replacement,131,0.0,3.904861480844e-27
100,with_replacement,132,0.0,0.0
100,with_replacement,133,0.0,0.0
100,with_replacement,134,0.0,0.0
100,with_replacement,135,0.0,7.888609052210032e-29
100,with_replacement,136,0.0,0.0
100,with_replacement,137,0.0,0.0
100,with_replacement,138,0.0,0.0
100,with_replacement,139,0.0,7.888609052210118e-31
100,with_replacement,140,0.0,0.0
100,with_replacement,141,0.0,0.0
100,with_replacement,142,0.0,0.0
100,with_replacement,143,0.0,0.0
100,with_replacement,144,0.0,0.0
100,with_replacement,145,0.0,0.0
100,without_replacement,55,0.0,0.0
100,without_replacement,56,0.0,0.0
100,without_replacement,57,0.0,0.0
100,without_replacement,58,0.0,0.0
100,without_replacement,59,0.0,0.0
100,without_replacement,60,0.0,0.0
100,without_replacement,61,0.0,0.0
100,without_replacement,62,0.0,0.0
100,without_replacement,63,0.0,0.0
100,without_replacement,64,0.0,0.0
100,without_replacement,65,0.0,0.0
100,without_replacement,66,0.0,0.0
100,without_replacement,67,0.0,0.0
100,without_replacement,68,0.0,0.0
100,without_replacement,69,0.0,0.0
100,without_replacement,70,0.0,0.0
100,without_replacement,71,0.0,0.0
100,without_replacement,72,0.0,0.0
100,without_replacement,73,0.0,0.0
100,without_replacement,74,0.0,0.0
100,without_replacement,75,0.0,0.0
100,without_replacement,76,0.0,0.0
100,without_replacement,77,0.0,0.0
100,without_replacement,78,0.0,0.0
100,without_replacement,79,0.0,0.0
100,without_replacement,80,0.0,0.0
100,without_replacement,81,0.0,0.0
100,without_replacement,82,0.0,0.0
100,without_replacement,83,0.0,0.0
100,without_replacement,84,0.0,0.0
100,without_replacement,85,0.0,0.0
100,without_replacement,86,0.0,0.0
100,without_replacement,87,0.0,0.0
100,without_replacement,88,0.0,0.0
100,without_replacement,89,0.0,0.0
100,without_replacement,90,0.0,0.0
100,without_replacement,91,0.0,0.0
100,without_replacement,92,0.0,0.0
100,without_replacement,93,0.0,0.0
100,without_replacement,94,0.0,0.0
100,without_replacement,95,0.0,0.0
100,without_replacement,96,0.0,0.0
100,without_replacement,97,0.0,0.0
100,without_replacement,98,0.0,0.0
100,without_replacement,99,0.0,0.0
100,without_replacement,100,1.0,1.0
100,without_replacement,101,0.0,0.0
100,without_replacement,102,0.0,0.0
100,without_replacement,103,0.0,0.0
100,without_replacement,104,0.0,0.0
100,without_replacement,105,0.0,0.0
100,without_replacement,106,0.0,0.0
100,without_replacement,107,0.0,0.0
100,without_replacement,108,0.0,0.0
100,without_replacement,109,0.0,0.0
100,without_replacement,110,0.0,0.0
100,without_replacement,111,0.0,0.0
100,without_replacement,112,0.0,0.0
100,without_replacement,113,0.0,0.0
100,without_replacement,114,0.0,0.0
100,without_replacement,115,0.0,0.0
100,without_replacement,116,0.0,0.0
100,without_replacement,117,0.0,0.0
100,without_replacement,118,0.0,0.0
100,without_replacement,119,0.0,0.0
100,without_replacement,120,0.0,0.0
100,without_replacement,121,0.0,0.0
100,without_replacement,122,0.0,0.0
100,without_replacement,123,0.0,0.0
100,without_replacement,124,0.0,0.0
100,without_replacement,125,0.0,0.0
100,without_replacement,126,0.0,0.0
100,without_replacement,127,0.0,0.0
100,without_replacement,128,0.0,0.0
100,without_replacement,129,0.0,0.0
100,without_replacement,130,0.0,0.0
100,without_replacement,131,0.0,0.0
100,without_replacement,132,0.0,0.0
100,without_replacement,133,0.0,0.0
100,without_replacement,134,0.0,0.0
100,without_replacement,135,0.0,0.0
100,without_replacement,136,0.0,0.0
100,without_replacement,137,0.0,0.0
100,without_replacement,138,0.0,0.0
100,without_replacement,139,0.0,0.0
100,without_replacement,140,0.0,0.0
100,without_replacement,141,0.0,0.0
100,without_replacement,142,0.0,0.0
100,without_replacement,143,0.0,0.0
100,without_replacement,144,0.0,0.0
100,without_replacement,145,0.0,0.0
