component,label,raw_score,baseline_iq,pool_n,below,equal,above,full_pool_percentile,full_pool_percentile_iq,group_size,effective_group_size,sampling,simulated_draws,exact_mean,exact_sd,exact_p025,exact_p975,exact_prob_more_than_5_points,exact_prob_more_than_10_points,empirical_mean,empirical_sd,empirical_p025,empirical_p975,empirical_prob_more_than_5_points,empirical_prob_more_than_10_points,maximum_empirical_cdf_error
working_memory,Working memory,8,100,82,41,9,32,55.48780487804878,102.06993385824917,15,15,with_replacement,1000000,100.0467119245058,4.876565652318962,91,111,0.2739977340372039,0.040064030571805354,100.03704099999999,4.876980312070062,90,111,0.274025,0.040161,0.0009015283724552736
working_memory,Working memory,8,100,82,41,9,32,55.48780487804878,102.06993385824917,15,15,without_replacement,1000000,100.02223286399257,4.387246404504072,91,109,0.22715194893577068,0.023814558496494387,100.02798899999999,4.387260149099777,91,109,0.22715800000000003,0.023999,0.0010253974372770869
working_memory,Working memory,8,100,82,41,9,32,55.48780487804878,102.06993385824917,20,20,with_replacement,1000000,100.20743817725864,4.228918043150145,92,108,0.19161592564322488,0.01671466245916529,100.209726,4.231984995829262,92,108,0.1916,0.016833,0.0006745099617156969
working_memory,Working memory,8,100,82,41,9,32,55.48780487804878,102.06993385824917,20,20,without_replacement,1000000,100.20000127965096,3.68206926024362,93,107,0.1338021171271992,0.006339620139860926,100.200608,3.685992733353662,93,107,0.133915,0.0064199999999999995,0.00079574202407795
working_memory,Working memory,8,100,82,41,9,32,55.48780487804878,102.06993385824917,25,25,with_replacement,1000000,100.08185855560234,3.7479712572726283,93,108,0.13601547771658687,0.007200738213955152,100.08433,3.747154447190561,93,108,0.135854,0.007224000000000001,0.0003764970310337068
working_memory,Working memory,8,100,82,41,9,32,55.48780487804878,102.06993385824917,25,25,without_replacement,1000000,100.04959145603416,3.1209375421412373,94,106,0.0746005183522152,0.0014164000549003603,100.04048,3.1221853515766806,94,106,0.074651,0.001366,0.0016166986612035639
working_memory,Working memory,8,100,82,41,9,32,55.48780487804878,102.06993385824917,30,30,with_replacement,1000000,100.02762152027542,3.348543427187416,93,107,0.09798686846960378,0.00314751265732058,100.02768700000001,3.3492032530186937,93,107,0.09806400000000001,0.003221,0.00040163161481931997
working_memory,Working memory,8,100,82,41,9,32,55.48780487804878,102.06993385824917,30,30,without_replacement,1000000,100.00936474012644,2.6428749891082353,95,105,0.038351272820984134,0.0002474287934214109,100.00623,2.643849690716172,95,105,0.038369,0.000254,0.0007863261994621173
working_memory,Working memory,8,100,82,41,9,32,55.48780487804878,102.06993385824917,35,35,with_replacement,1000000,100.03792909506815,3.098810914177227,94,106,0.07121260875356497,0.001392181664294449,100.040517,3.0999315109710084,94,106,0.071375,0.0013970000000000002,0.0003873040664300609
working_memory,Working memory,8,100,82,41,9,32,55.48780487804878,102.06993385824917,35,35,without_replacement,1000000,100.02771922087265,2.3631516881367487,96,105,0.017582729762111636,3.0816739361732494e-05,100.026318,2.363413498073496,96,105,0.017539,4.2e-05,0.000350500567396661
working_memory,Working memory,8,100,82,41,9,32,55.48780487804878,102.06993385824917,40,40,with_replacement,1000000,100.01730397650893,2.871316191038565,95,106,0.05212766518328348,0.000518471449890079,100.02081999999999,2.8744600410511882,95,106,0.05234,0.000538,0.0006999634790716414
working_memory,Working memory,8,100,82,41,9,32,55.48780487804878,102.06993385824917,40,40,without_replacement,1000000,99.97795533380565,2.08749756014164,96,104,0.006858817667209404,2.2081598603569363e-06,99.97506000000001,2.0851115069463315,96,104,0.006964,2e-06,0.0009232341172213943
working_memory,Working memory,8,100,82,41,9,32,55.48780487804878,102.06993385824917,45,45,with_replacement,1000000,100.02786810844717,2.671796682528765,95,105,0.03836688035035514,0.00023276235647830086,100.02813,2.6713600848818566,95,105,0.038379,0.000245,0.0003411048921177773
working_memory,Working memory,8,100,82,41,9,32,55.48780487804878,102.06993385824917,45,45,without_replacement,1000000,100.01052757610543,1.7920683376831466,97,103,0.0021175872459571485,8.733992484279134e-08,100.00959599999999,1.7907355798062425,97,103,0.002087,0.0,0.0006761316965745445
working_memory,Working memory,8,100,82,41,9,32,55.48780487804878,102.06993385824917,50,50,with_replacement,1000000,100.05711310486754,2.5899401838440195,95,105,0.028366036252062486,0.00010501705011328813,100.057295,2.5885204814671643,95,105,0.028004,9.900000000000001e-05,0.0004419091149979737
working_memory,Working memory,8,100,82,41,9,32,55.48780487804878,102.06993385824917,50,50,without_replacement,1000000,100.02612637700425,1.6402576160347297,97,103,0.00045842603749491717,1.0099888120269044e-09,100.02434399999999,1.6416964913357157,97,103,0.000464,0.0,0.0006214284203269194
working_memory,Working memory,8,100,82,41,9,32,55.48780487804878,102.06993385824917,55,55,with_replacement,1000000,100.0456587445338,2.4198642248755964,95,105,0.02516628445871684,4.757457816273897e-05,100.04586400000001,2.415495910471388,95,105,0.024870000000000003,5.1e-05,0.000729313813832122
working_memory,Working memory,8,100,82,41,9,32,55.48780487804878,102.06993385824917,55,55,without_replacement,1000000,100.01737652476476,1.3786576085640863,97,103,7.548645822848006e-05,6.666427779280384e-13,100.01865800000002,1.3788306201401244,97,103,7.2e-05,0.0,0.0004422890504820476
working_memory,Working memory,8,100,82,41,9,32,55.48780487804878,102.06993385824917,60,60,with_replacement,1000000,99.9749159917707,2.3212575084329554,95,105,0.018679751278612763,2.1625870988239222e-05,99.9749,2.3196047055479085,95,105,0.01854,2.1e-05,0.000327051869292716
working_memory,Working memory,8,100,82,41,9,32,55.48780487804878,102.06993385824917,60,60,without_replacement,1000000,99.92937498959697,1.1995934725114017,98,102,2.636950089566705e-06,0.0,99.92973899999998,1.2010646909633969,98,102,3e-06,0.0,0.000550050323041007
working_memory,Working memory,8,100,82,41,9,32,55.48780487804878,102.06993385824917,75,75,with_replacement,1000000,99.9771890143401,2.1185407301009223,96,104,0.00953187465431398,2.063840430452234e-06,99.973062,2.1184929417290963,96,104,0.009554,1e-06,0.001234993081958402
working_memory,Working memory,8,100,82,41,9,32,55.48780487804878,102.06993385824917,75,75,without_replacement,1000000,99.91472355868856,0.6601563875865802,99,101,0.0,0.0,99.91381,0.6603917654695582,99,101,0.0,0.0,0.0008122423524608291
working_memory,Working memory,8,100,82,41,9,32,55.48780487804878,102.06993385824917,82,82,with_replacement,1000000,100.01531521183654,2.0099728162561834,96,104,0.006501161214188044,4.485097355254719e-07,100.01311100000001,2.007286502141386,96,104,0.006432,1e-06,0.0006764358723700958
working_memory,Working memory,8,100,82,41,9,32,55.48780487804878,102.06993385824917,82,82,without_replacement,1000000,100.0,0.0,100,100,0.0,0.0,100.0,0.0,100,100,0.0,0.0,0.0
working_memory,Working memory,8,100,82,41,9,32,55.48780487804878,102.06993385824917,100,100,with_replacement,1000000,100.02148259749075,1.8525057030190237,97,104,0.0023035730898950412,3.8055168225209106e-08,100.021409,1.8527305942092607,97,104,0.002273,0.0,0.0002866378618660015
working_memory,Working memory,8,100,82,41,9,32,55.48780487804878,102.06993385824917,100,82,without_replacement,1000000,100.0,0.0,100,100,0.0,0.0,100.0,0.0,100,100,0.0,0.0,0.0
fluid,Abstract reasoning,7,101,60,31,5,24,55.833333333333336,102.20117433229822,15,15,with_replacement,1000000,101.1626651587833,4.931138428358011,92,111,0.28147992654686194,0.027502511046687085,101.15993800000001,4.93478022166702,92,111,0.28226300000000004,0.027663,0.0005831470089597834
fluid,Abstract reasoning,7,101,60,31,5,24,55.833333333333336,102.20117433229822,15,15,without_replacement,1000000,101.13940624535272,4.247265150037976,92,110,0.21519132482611608,0.011489948766782283,101.134962,4.243508131081641,92,110,0.214765,0.011359000000000001,0.0011199165183206627
fluid,Abstract reasoning,7,101,60,31,5,24,55.833333333333336,102.20117433229822,20,20,with_replacement,1000000,101.34050933651957,4.2797877770772,93,109,0.19991294691592693,0.011952350103754495,101.337439,4.275292261504353,93,109,0.199615,0.01167,0.0005401739305476161
fluid,Abstract reasoning,7,101,60,31,5,24,55.833333333333336,102.20117433229822,20,20,without_replacement,1000000,101.33482562565887,3.505148803480168,94,108,0.11693093444493924,0.002300518120074195,101.334779,3.5046312247023934,94,108,0.11655499999999999,0.002323,0.00045596590075119847
fluid,Abstract reasoning,7,101,60,31,5,24,55.833333333333336,102.20117433229822,25,25,with_replacement,1000000,101.11472591676738,3.7225239450474685,94,108,0.1426833630510041,0.005389453766232729,101.11515299999999,3.724857149823467,94,108,0.142938,0.0054589999999999994,0.0004084900985685813
fluid,Abstract reasoning,7,101,60,31,5,24,55.833333333333336,102.20117433229822,25,25,without_replacement,1000000,101.08783596400352,2.8275161819154557,96,107,0.05630871010460881,0.0003033559800893843,101.085875,2.82678483163735,96,107,0.056262999999999994,0.00028,0.000498257591034168
fluid,Abstract reasoning,7,101,60,31,5,24,55.833333333333336,102.20117433229822,30,30,with_replacement,1000000,101.08061816086499,3.4050563610062468,94,108,0.10399357497613501,0.002430356390426922,101.082045,3.4070115376932613,94,108,0.10403699999999999,0.002461,0.000329110242291486
fluid,Abstract reasoning,7,101,60,31,5,24,55.833333333333336,102.20117433229822,30,30,without_replacement,1000000,101.04531525114557,2.418764843452769,96,106,0.022347880657626294,2.078191698988133e-05,101.04449199999999,2.420650008145746,96,106,0.022384,2.3000000000000003e-05,0.0008461617530878818
fluid,Abstract reasoning,7,101,60,31,5,24,55.833333333333336,102.20117433229822,35,35,with_replacement,1000000,101.00013423406386,3.125925801269201,95,107,0.07630940088857327,0.001109638985028544,100.998613,3.125643785883318,95,107,0.076205,0.0011560000000000001,0.0005342270684129957
fluid,Abstract reasoning,7,101,60,31,5,24,55.833333333333336,102.20117433229822,35,35,without_replacement,1000000,100.94397950227687,2.0384144304920944,97,105,0.0064439475916069355,4.604307786023117e-07,100.943432,2.0404112481007353,97,105,0.006466,0.0,0.0006318320432942004
fluid,Abstract reasoning,7,101,60,31,5,24,55.833333333333336,102.20117433229822,40,40,with_replacement,1000000,101.09424672515928,3.002735273657664,95,107,0.06676657853562407,0.0005092221345175119,101.08990800000001,3.000520713398926,95,107,0.066451,0.000494,0.0007622058245376206
fluid,Abstract reasoning,7,101,60,31,5,24,55.833333333333336,102.20117433229822,40,40,without_replacement,1000000,101.08352508130878,1.7673544529468492,98,105,0.0013755501049605373,6.886538839887842e-10,101.082999,1.7682958366741126,98,105,0.0013440000000000001,0.0,0.0005147229930176633
fluid,Abstract reasoning,7,101,60,31,5,24,55.833333333333336,102.20117433229822,45,45,with_replacement,1000000,101.0110613138238,2.741455715342913,96,107,0.04941798290469581,0.0002351790788730856,101.012947,2.7391004682543136,96,107,0.049086,0.00022400000000000002,0.0005812428979654616
fluid,Abstract reasoning,7,101,60,31,5,24,55.833333333333336,102.20117433229822,45,45,without_replacement,1000000,100.96540579004278,1.3977853234035797,98,104,5.306669063874724e-05,0.0,100.963083,1.39813165871852,98,104,5.4000000000000005e-05,0.0,0.0007271146064076195
fluid,Abstract reasoning,7,101,60,31,5,24,55.833333333333336,102.20117433229822,50,50,with_replacement,1000000,101.03627251333874,2.6034961356930997,96,106,0.03677055229863541,0.00010909937338892506,101.036538,2.605093659459483,96,106,0.036827,0.00011499999999999999,0.00034467372705904165
fluid,Abstract reasoning,7,101,60,31,5,24,55.833333333333336,102.20117433229822,50,50,without_replacement,1000000,100.98652384792535,1.0616340901880157,99,103,0.0,0.0,100.98610299999999,1.062091273568802,99,103,0.0,0.0,0.0009332484900997917
fluid,Abstract reasoning,7,101,60,31,5,24,55.833333333333336,102.20117433229822,55,55,with_replacement,1000000,101.04606944766053,2.530765472592248,96,106,0.027474316772925503,4.1288178007866126e-05,101.04683,2.5271689597452722,96,106,0.027255,3.3e-05,0.0012665514259138644
fluid,Abstract reasoning,7,101,60,31,5,24,55.833333333333336,102.20117433229822,55,55,without_replacement,1000000,101.10747518269666,0.8174476929801013,99,102,0.0,0.0,101.10718399999999,0.8177698882595275,99,102,0.0,0.0,0.00024338447814451283
fluid,Abstract reasoning,7,101,60,31,5,24,55.833333333333336,102.20117433229822,60,60,with_replacement,1000000,101.03337543741719,2.4145569219642753,96,106,0.02060430711400099,1.941120544544219e-05,101.03121999999999,2.4145631720044105,96,106,0.020632,1.8e-05,0.0004811522029357085
fluid,Abstract reasoning,7,101,60,31,5,24,55.833333333333336,102.20117433229822,60,60,without_replacement,1000000,101.0,0.0,101,101,0.0,0.0,101.0,0.0,101,101,0.0,0.0,0.0
fluid,Abstract reasoning,7,101,60,31,5,24,55.833333333333336,102.20117433229822,75,75,with_replacement,1000000,101.07018552751933,2.097263231678283,97,105,0.008845148156499297,2.0481705148820164e-06,101.072071,2.0979701549257084,97,105,0.008831,2e-06,0.0009022685864121804
fluid,Abstract reasoning,7,101,60,31,5,24,55.833333333333336,102.20117433229822,75,60,without_replacement,1000000,101.0,0.0,101,101,0.0,0.0,101.0,0.0,101,101,0.0,0.0,0.0
fluid,Abstract reasoning,7,101,60,31,5,24,55.833333333333336,102.20117433229822,100,100,with_replacement,1000000,100.99407626691686,1.8477164370411578,97,105,0.002593907559834948,5.0072425751548485e-08,100.992269,1.849217464669583,97,105,0.002706,0.0,0.0004710879900697851
fluid,Abstract reasoning,7,101,60,31,5,24,55.833333333333336,102.20117433229822,100,60,without_replacement,1000000,101.0,0.0,101,101,0.0,0.0,101.0,0.0,101,101,0.0,0.0,0.0
numerical,Numerical reasoning,9,101,105,52,14,39,56.19047619047619,102.33700369995826,15,15,with_replacement,1000000,101.11241483344983,4.81277249050468,92,111,0.2689704923777588,0.023396111282676765,101.10943900000001,4.818855476695582,92,111,0.269876,0.023418,0.0008873889989232109
numerical,Numerical reasoning,9,101,105,52,14,39,56.19047619047619,102.33700369995826,15,15,without_replacement,1000000,101.09062037314978,4.447540409921355,92,110,0.23340126430230115,0.014750822278079112,101.09002000000001,4.445579197315014,92,110,0.232684,0.014709,0.0004281364251411818
numerical,Numerical reasoning,9,101,105,52,14,39,56.19047619047619,102.33700369995826,20,20,with_replacement,1000000,101.0931247511796,3.964754584293319,93,109,0.18718041243878178,0.009838009533375231,101.093944,3.964909144591336,93,109,0.187171,0.009985,0.0005086797949924726
numerical,Numerical reasoning,9,101,105,52,14,39,56.19047619047619,102.33700369995826,20,20,without_replacement,1000000,101.06744038734145,3.5265235000680186,94,109,0.14366626789099154,0.004319619629799976,101.061386,3.52875952127713,94,109,0.14382699999999998,0.004260999999999999,0.00142383730456222
numerical,Numerical reasoning,9,101,105,52,14,39,56.19047619047619,102.33700369995826,25,25,with_replacement,1000000,101.02996903508446,3.6348067350048257,94,108,0.13274951080970088,0.004221277428805077,101.035443,3.632148509319381,94,108,0.132331,0.004243,0.0007948658083377635
numerical,Numerical reasoning,9,101,105,52,14,39,56.19047619047619,102.33700369995826,25,25,without_replacement,1000000,101.01137217197159,3.172487670908569,95,107,0.08623136070511236,0.0011289366306293433,101.01559799999998,3.172255459826021,95,107,0.086073,0.001147,0.0007105674274316964
numerical,Numerical reasoning,9,101,105,52,14,39,56.19047619047619,102.33700369995826,30,30,with_replacement,1000000,101.05464712060186,3.26962482198813,95,107,0.09553185284887217,0.0018346287073232811,101.05520999999999,3.2700229136658967,95,107,0.09563100000000001,0.001836,0.00035725819688459115
numerical,Numerical reasoning,9,101,105,52,14,39,56.19047619047619,102.33700369995826,30,30,without_replacement,1000000,101.03398391299942,2.7539141026767933,96,107,0.049784662846448995,0.00025578763938977577,101.035134,2.7545176713980255,96,107,0.050089999999999996,0.000246,0.0008555226642796843
numerical,Numerical reasoning,9,101,105,52,14,39,56.19047619047619,102.33700369995826,35,35,with_replacement,1000000,101.05117406980884,3.0213345493966903,95,107,0.08188144524344149,0.0008059274349651574,101.048601,3.02443696294021,95,107,0.08215,0.0008550000000000001,0.0004429842412655427
numerical,Numerical reasoning,9,101,105,52,14,39,56.19047619047619,102.33700369995826,35,35,without_replacement,1000000,101.02340785022979,2.4543793200726993,97,106,0.03359862346542866,4.854606304056723e-05,101.024746,2.4538988641514954,97,106,0.033691,3.8e-05,0.0007159715070484962
numerical,Numerical reasoning,9,101,105,52,14,39,56.19047619047619,102.33700369995826,40,40,with_replacement,1000000,100.99748410017574,2.7806322814126188,95,107,0.05951356115248603,0.00035703773234161405,100.994876,2.7833932069731,95,107,0.059941,0.00033299999999999996,0.0004485447893236086
numerical,Numerical reasoning,9,101,105,52,14,39,56.19047619047619,102.33700369995826,40,40,without_replacement,1000000,100.98470398705045,2.1443602130848554,97,105,0.01702416541616987,7.390628509316493e-06,100.98265699999999,2.144302735238427,97,105,0.016927,4.9999999999999996e-06,0.0006471757163760694
numerical,Numerical reasoning,9,101,105,52,14,39,56.19047619047619,102.33700369995826,45,45,with_replacement,1000000,101.00824518390826,2.706302685396343,96,107,0.043562484365318,0.00015928460225884386,101.009723,2.705864457668011,96,107,0.043839,0.00015000000000000001,0.0008070039797787865
numerical,Numerical reasoning,9,101,105,52,14,39,56.19047619047619,102.33700369995826,45,45,without_replacement,1000000,100.97684961825405,2.0461116587517822,97,105,0.007884944993640546,8.513104449080396e-07,100.97590100000001,2.044673626327439,97,105,0.007884,1e-06,0.0003186502535400537
numerical,Numerical reasoning,9,101,105,52,14,39,56.19047619047619,102.33700369995826,50,50,with_replacement,1000000,101.02918109442524,2.5170354748958155,96,106,0.032075943293110656,7.148198263193547e-05,101.032333,2.5189905869437066,96,106,0.032431,7.699999999999999e-05,0.000981333723085176
numerical,Numerical reasoning,9,101,105,52,14,39,56.19047619047619,102.33700369995826,50,50,without_replacement,1000000,101.01404573548312,1.815942928284616,98,104,0.0032551096657333026,6.809228968783119e-08,101.01212699999999,1.8157874148344018,98,104,0.003195,0.0,0.0007328114507578198
numerical,Numerical reasoning,9,101,105,52,14,39,56.19047619047619,102.33700369995826,55,55,with_replacement,1000000,101.01120679065565,2.414093780863067,96,106,0.023738221372722197,3.224217751146787e-05,101.013315,2.413811034603786,96,106,0.023707,3.6e-05,0.0006702086458836298
numerical,Numerical reasoning,9,101,105,52,14,39,56.19047619047619,102.33700369995826,55,55,without_replacement,1000000,100.97426167616568,1.672208642992379,98,104,0.001157423307409059,3.2909636887673322e-09,100.97537899999999,1.672966468988246,98,104,0.0011680000000000002,0.0,0.0005441695059468232
numerical,Numerical reasoning,9,101,105,52,14,39,56.19047619047619,102.33700369995826,60,60,with_replacement,1000000,100.98651504573799,2.2699307705835006,96,105,0.01764571362498171,1.460757123791105e-05,100.98663400000001,2.2693050367995924,96,105,0.017307000000000003,1.9999999999999998e-05,0.0002874651429020103
numerical,Numerical reasoning,9,101,105,52,14,39,56.19047619047619,102.33700369995826,60,60,without_replacement,1000000,100.97865651100429,1.4609071317412585,98,104,0.00033746674702441826,7.49288999490346e-11,100.979272,1.4591813972279115,98,104,0.00032,0.0,0.0005669072603236638
numerical,Numerical reasoning,9,101,105,52,14,39,56.19047619047619,102.33700369995826,75,75,with_replacement,1000000,100.98991897053853,2.0864104905883467,97,105,0.008478173215110534,1.2340470763466659e-06,100.986356,2.0860253692762223,97,105,0.00845,0.0,0.0009288701856150494
numerical,Numerical reasoning,9,101,105,52,14,39,56.19047619047619,102.33700369995826,75,75,without_replacement,1000000,100.95434185518707,1.1273160537720244,99,103,8.410674186592474e-07,0.0,100.952567,1.1274711129385975,99,103,1e-06,0.0,0.0006785226642798126
numerical,Numerical reasoning,9,101,105,52,14,39,56.19047619047619,102.33700369995826,100,100,with_replacement,1000000,100.98571053172239,1.7719087111654839,98,104,0.0023358831861071683,2.6692142245018167e-08,100.985863,1.7699669898704327,98,104,0.002307,0.0,0.0005686935389229708
numerical,Numerical reasoning,9,101,105,52,14,39,56.19047619047619,102.33700369995826,100,100,without_replacement,1000000,101.00462778594087,0.3700540382833836,100,102,0.0,0.0,101.00411599999998,0.36947132303333097,100,102,0.0,0.0,0.0004735967967114396
